hint	n_shared_dicts	fem_slp1	fem_iast	fem_gloss_MW	masc_slp1	masc_iast	masc_gloss_MW	ending
MAYBE-related	5	GawI	ghaṭī	a water-jar	Gawin	ghaṭin	‘having a water-jar’, the sign Aquarius	ī
MAYBE-related	1	BrAtfjA	bhrātṛjā	a b˚'s daughter	BrAtfja	bhrātṛja	a b˚'s son	ā
MAYBE-related	1	CAgalAntrI	chāgalāntrī	= Cag˚	CAgalAntrin	chāgalāntrin	= Cag˚	ī
MAYBE-related	1	aDarmA	adharmā	unrighteousness (personified and represented as the bride of death).	aDarma	adharma	unrighteousness, injustice, irreligion, wickedness	ā
MAYBE-related	1	dEvajYavallaBA	daivajñavallabhā	N. of wk.	dEvajYavallaBa	daivajñavallabha	N. of wk.	ā
MAYBE-related	1	tAlikA	tālikā	the palm of the hand	tAlika	tālika	the palm of the hand	ā
MAYBE-related	1	vEdyavallaBA	vaidyavallabhā	N. of wk.	vEdyavallaBa	vaidyavallabha	N. of wk.	ā
likely-distinct	10	ArA	ārā	a shoemaker's awl or knife	Ara	āra	brass	ā
likely-distinct	9	kuhA	kuhā	a kind of Zizyphus tree	kuha	kuha		ā
likely-distinct	8	SilA	śilā	a stone, rock, crag	Sila	śila		ā
likely-distinct	8	ayA	ayā	in this manner, thus	aya	aya	going (only ifc. cf. aByastam a/ya	ā
likely-distinct	7	dvitA	dvitā	doubleness, the number 2, duality	dvita	dvita	‘second’, N. of an Āptya (s.v.; cf. trita/	ā
likely-distinct	6	IzA	īṣā	the pole or shafts of a carriage or plough	Iza	īṣa	the month Āśvina See iza	ā
likely-distinct	6	kayA	kayā	in what manner?	kaya	kaya	44028253,1kayaka/ya1 ka/ya (Ved. for 2. ka; only gen. sg. with cid), every one (e.g. ni/ z	ā
likely-distinct	6	sIrA	sīrā	(not in MW)	sIra	sīra	n. (for derivation See sItA) a plough	ā
likely-distinct	5	avasA	avasā	18269105,1avasAa/va-sA1 a/va-sA and -sAtf/ See ava-√ so.	avasa	avasa	Ved. refreshment, food, provisions, viaticum	ā
likely-distinct	5	iqA	iḍā	or (in Ṛg-veda) i/LA, (not to be confounded with the inst. case of iq above), refreshing d	iqa	iḍa	N. of Agni (who is to be addressed with prayers, or invoked with the stream of flow of pra	ā
likely-distinct	5	kupinI	kupinī	a net for catching small fish (made of bamboos or rushes	kupinin	kupinin	a fisherman	ī
likely-distinct	5	pIqA	pīḍā	pain, suffering, annoyance, harm, injury, violation, damage (˚qayA ind. with pain i.e. unw	pIqa	pīḍa	n. in tila-p˚, triRa-p˚.	ā
likely-distinct	5	vasA	vasā	‘shining’, ‘white’, the serum or marrow of the flesh (considered by some as distinct from 	vasa	vasa	or n. dwelling, residence (see dur-vasa	ā
likely-distinct	5	velA	velā	limit, boundary, end	vela	vela	a garden, grove	ā
likely-distinct	4	AlI	ālī	a woman's female friend	Alin	ālin	a scorpion	ī
likely-distinct	4	SilI	śilī	a kind of worm	Silin	śilin	N. of a serpent-demon	ī
likely-distinct	4	daSagrAmI	daśagrāmī	10 villages	daSagrAmin	daśagrāmin	= ˚ma-pati	ī
likely-distinct	4	ekatA	ekatā	oneness, unity, union, coincidence, identity	ekata	ekata	N. of one of the three Āptyas	ā
likely-distinct	4	elA	elā	any species of Cardamom	ela	ela	a particular number	ā
likely-distinct	4	gaNgA	gaṅgā	√ gam	gaNga	gaṅga	62216341,2gaNgagaNga1 gaNga (in comp. for ˚NgA	ā
likely-distinct	4	jozA	joṣā	= yozA, a woman	joza	joṣa	satisfaction, approval, pleasure	ā
likely-distinct	4	karamAlA	karamālā	the hand used as a rosary (the joints of the fingers corresponding to the beads	karamAla	karamāla	smoke (probably a corruption of KatamAla).	ā
likely-distinct	4	kriyA	kriyā		kriya	kriya	the sign Aries	ā
likely-distinct	4	lAlA	lālā	See below	lAla	lāla	the son of a Maitreya and a Brāhmaṇī	ā
likely-distinct	4	maryA	maryā	a mark, limit, boundary	marya	marya	a mortal, man, (esp.) young man, lover, suitor	ā
likely-distinct	4	matsyodarI	matsyodarī	‘sprung from a fish-belly’, N. of Satya-vatī	matsyodarin	matsyodarin	N. of Matsya or Virāṭa (as the brother of Matsyodarī	ī
likely-distinct	4	nAndI	nāndī	joy, satisfaction, pleasure	nAndin	nāndin	= ˚ndI-kara	ī
likely-distinct	4	prajaNGA	prajaṅghā	a partic. portion of the lower part of the thigh	prajaNGa	prajaṅgha	N. of a monkey and of a Rākṣasa	ā
likely-distinct	4	puzkarasArI	puṣkarasārī	‘having the essence of the lotus’, a kind of writing	puzkarasArin	puṣkarasārin	w.r. for pOzkarasAdi.	ī
likely-distinct	4	ratatAlI	ratatālī	a procuress, bawd	ratatAlin	ratatālin	a libertine, voluptuary	ī
likely-distinct	4	tritA	tritā	a triad	trita	trita	‘third’ (τρίτος), N. of a Vedic deity (associated with the Maruts, Vāyu, and Indra; fighti	ā
likely-distinct	4	vAcA	vācā	speech, a word	vAca	vāca	only	ā
likely-distinct	4	vArdDuzI	vārddhuṣī		vArdDuzin	vārddhuṣin	a usurer.	ī
likely-distinct	4	vfzI	vṛṣī	See bfsI	vfzin	vṛṣin	‘fond of rain’, a peacock	ī
likely-distinct	3	AwavI	āṭavī	N. of a town	Awavin	āṭavin	N. of a teacher	ī
likely-distinct	3	DAnakA	dhānakā	dimin. fr. next	DAnaka	dhānaka	coriander	ā
likely-distinct	3	PaRI	phaṇī	N. of a river	PaRin	phaṇin	‘hooded’, a serpent (esp. Coluber Naga	ī
likely-distinct	3	SaradaRqA	śaradaṇḍā	N. of a river	SaradaRqa	śaradaṇḍa	a stalk of reed	ā
likely-distinct	3	SirA	śirā	2172291073,1SirASirA1 SirA, SirAla. See sirA, sirAla.	Sira	śira	= Siras, the head	ā
likely-distinct	3	ajakA	ajakā	a young she-goat	ajaka	ajaka	N. of a descendant of Purūravas	ā
likely-distinct	3	bAlacaryA	bālacaryā	the behaviour of a child	bAlacarya	bālacarya	‘behaving like a child’, N. of Skanda	ā
likely-distinct	3	balasenA	balasenā	a strong army, an army, host	balasena	balasena	N. of a warrior	ā
likely-distinct	3	cEtrI	caitrī	the day of full moon in month Caitra, sacrifice offered on that day	cEtrin	caitrin	id.	ī
likely-distinct	3	devamAyA	devamāyā	d˚ illusion	devamAya	devamāya	N. of a prince	ā
likely-distinct	3	dikkarI	dikkarī	a young woman	dikkarin	dikkarin	‘elephant of the q˚’, one of the mythical elephants which stand in the four or eight quart	ī
likely-distinct	3	dvArI	dvārī	door	dvArin	dvārin	d˚-keeper	ī
likely-distinct	3	gAtraBaNgA	gātrabhaṅgā	a kind of cowach	gAtraBaNga	gātrabhaṅga	= -BaYjana	ā
likely-distinct	3	izIkA	iṣīkā	a reed, rush, stem or stalk of grass used as an arrow	izIka	iṣīka	N. of a people (= EzIka	ā
likely-distinct	3	kApAlI	kāpālī	the Embelia Ribes	kApAlin	kāpālin	‘adorned with skulls’, N. of Śiva	ī
likely-distinct	3	kalikA	kalikā	the sixteenth part of the moon	kalika	kalika	a curlew	ā
likely-distinct	3	kandI	kandī	See mAMsa-k˚.	kandin	kandin	Amorphophallus Campanulatus	ī
likely-distinct	3	koSI	kośī	‘a bud’, see arka-	koSin	kośin	the mango tree	ī
likely-distinct	3	kulakzayA	kulakṣayā	a sort of cowach (Mucuna pruritus	kulakzaya	kulakṣaya	decay of a race or family	ā
likely-distinct	3	lajjA	lajjā	See below.	lajja	lajja	N. of a man	ā
likely-distinct	3	leKanikA	lekhanikā	182410901,2leKanikAleKanikA2 leKanikA See citra-l˚.	leKanika	lekhanika	one who makes a deputy sign a document, signing by proxy or making a mark (from inability 	ā
likely-distinct	3	mAlAguRA	mālāguṇā	a species of venomous spider	mAlAguRa	mālāguṇa	the string of a g˚, necklace	ā
likely-distinct	3	madanotsavA	madanotsavā	a courtezan of Svarga	madanotsava	madanotsava	Kāma-deva's festival (= ˚na-maha) the holy or vernal f˚	ā
likely-distinct	3	mahAmeDA	mahāmedhā	‘great intelligence’, N. of Durgā	mahAmeDa	mahāmedha	a gr˚ sacrifice	ā
likely-distinct	3	malanA	malanā	the long cucumber	malana	malana	a tent	ā
likely-distinct	3	nAsikA	nāsikā	a nostril	nAsika	nāsika	or n. N. of a place (cf. below and nAsikya	ā
likely-distinct	3	nidA	nidā	blame, contempt	nida	nida	or n. poison, venom	ā
likely-distinct	3	nirvARI	nirvāṇī	N. of a deity who executes the commands of the 16th Arhat of the present Ava-sarpiṇī.	nirvARin	nirvāṇin	N. of 2nd Arhat of past Utsarpiṇī	ī
likely-distinct	3	prASA	prāśā	ardent desire or longing for	prASa	prāśa	eating, feeding upon (cf. Gfta-, DUma-pr˚	ā
likely-distinct	3	praDA	pradhā	134885680,3praDApra-DA1 pra-√ 1. DA Ā. -Datte, to place or set before, offer	praDa	pradha		ā
likely-distinct	3	praSnI	praśnī	137683.1696,1praSnIpraSnI1 {{Lbody=137683}}	praSnin	praśnin	a questioner, interrogator	ī
likely-distinct	3	puroDA	purodhā	126083635,2puroDApuro—DA3 puro—√ DA P. Ā. -daDAti, -Datte, (Ā.) to place before or at the 	puroDa	purodha	‘placed at the head’, chief priest of a king, domestic chaplain	ā
likely-distinct	3	puzpasArA	puṣpasārā	holy basil	puzpasAra	puṣpasāra	the nectar or honey of f˚	ā
likely-distinct	3	rezA	reṣā	id.	reza	reṣa	injury, hurt	ā
likely-distinct	3	susvaDA	susvadhā	welfare, prosperity	susvaDa	susvadha	N. of a partic. class of deceased ancestors	ā
likely-distinct	3	turagI	turagī	a mare	turagin	turagin	a horseman	ī
likely-distinct	3	ulUpI	ulūpī	N. of a daughter of the Nāga Kauravya (married to Arjuna	ulUpin	ulūpin	37452218,2ulUpinulUpin2 {{Lbody=37451}}	ī
likely-distinct	3	upadiSA	upadiśā	id.	upadiSa	upadiśa	N. of a son of Vasu-deva	ā
likely-distinct	3	urA	urā	a ewe	ura	ura	(not in MW)	ā
likely-distinct	3	utKalI	utkhalī	N. of a Buddhist goddess.	utKalin	utkhalin	N. of a Buddhist deity.	ī
likely-distinct	3	vAriDArA	vāridhārā	. ) a torrent of w˚ (galad-aSru-v˚, a t˚ of flowing tears	vAriDAra	vāridhāra	N. of a mountain	ā
likely-distinct	3	vAsA	vāsā	(not in MW)	vAsa	vāsa	perfuming, perfume	ā
likely-distinct	3	vEratA	vairatā	enmity, hostility	vErata	vairata	N. of a people	ā
likely-distinct	3	vIracaryA	vīracaryā	the deeds of a hero, adventurous exploits	vIracarya	vīracarya	N. of a king	ā
likely-distinct	3	vartikA	vartikā	id.	vartika	vartika	= vartaka, a quail	ā
likely-distinct	3	vidyunmAlA	vidyunmālā	a wreath of l˚	vidyunmAla	vidyunmāla	N. of a monkey	ā
likely-distinct	3	vijfmBA	vijṛmbhā	yawning	vijfmBa	vijṛmbha	bending or knitting (the brows	ā
likely-distinct	3	vipaRI	vipaṇī	(not in MW)	vipaRin	vipaṇin	a trader, shopkeeper, merchant	ī
likely-distinct	3	vipaYcikA	vipañcikā	= next	vipaYcika	vipañcika	197542973,2vipaYcikavi-paYcika2 {{Lbody=197541}}	ā
likely-distinct	3	viraTyA	virathyā	a bad road or a by-road	viraTya	virathya	‘delighting in by-roads (?)’, N. of Śiva	ā
likely-distinct	3	vyazwakA	vyaṣṭakā	the first day in the dark half of a month	vyazwaka	vyaṣṭaka	black mustard	ā
likely-distinct	3	yamadaMzwrA	yamadaṃṣṭrā	Y˚'s tooth (˚wrAntaraM gataH, one who has fallen into the jaws of Y˚ or Death	yamadaMzwra	yamadaṃṣṭra	N. of an Asura	ā
likely-distinct	2	AruRI	āruṇī	a reddish mare [	AruRin	āruṇin	N. of a school derived from Vaiśampāyana Āruṇi	ī
likely-distinct	2	BARqikA	bhāṇḍikā	an implement, tool	BARqika	bhāṇḍika	a barber	ā
likely-distinct	2	BaRqI	bhaṇḍī	See below	BaRqin	bhaṇḍin	148223745,3BaRqinBaRqin3 BaR˚qin w.r. for ˚qi.	ī
likely-distinct	2	BadrikA	bhadrikā	an amulet	Badrika	bhadrika	N. of a prince of the Śākyas	ā
likely-distinct	2	GuwikA	ghuṭikā	id.	Guwika	ghuṭika	id.	ā
likely-distinct	2	KaraSAlA	kharaśālā	a donkey-stable	KaraSAla	kharaśāla	produced in a donkey-stall	ā
likely-distinct	2	SArNgI	śārṅgī	the female of the bird Śārṅga	SArNgin	śārṅgin	‘bowman, archer’, N. of Viṣṇu-Kṛṣṇa	ī
likely-distinct	2	SIrI	śīrī	218550.11078,3SIrISIrI1 {{Lbody=218550}}	SIrin	śīrin	a kind of Kuśa grass	ī
likely-distinct	2	SaRqikA	śaṇḍikā	= yudDa (in the language of the Draviḍas	SaRqika	śaṇḍika	a descendant of Śaṇḍa	ā
likely-distinct	2	SaraBA	śarabhā	a girl with withered limbs and therefore unfit for marriage	SaraBa	śarabha	a kind of deer or (in later times) a fabulous animal (supposed to have eight legs and to i	ā
likely-distinct	2	SatabalA	śatabalā	N. of a river	Satabala	śatabala	N. of a monkey	ā
likely-distinct	2	SiprA	śiprā	the cheeks	Sipra	śipra	See sipra	ā
likely-distinct	2	SuRqI	śuṇḍī	the swelling or enlargement of any gland (cf. kaRWa, and gala-S˚	SuRqin	śuṇḍin	‘possessing spirituous liquor’, a distiller, preparer or seller of spirituous liquors (con	ī
likely-distinct	2	aBinandA	abhinandā	delight	aBinanda	abhinanda	the delight, pleasure (of sensuality	ā
likely-distinct	2	agnijvAlA	agnijvālā	flame of fire	agnijvAla	agnijvāla	N. of Śiva	ā
likely-distinct	2	apsarA	apsarā	(not in MW)	apsara	apsara	(not in MW)	ā
likely-distinct	2	arDapAdA	ardhapādā	the plant Phyllanthus Niruri	arDapAda	ardhapāda	half the fourth part	ā
likely-distinct	2	asiDArA	asidhārā	the blade of a sword	asiDAra	asidhāra	(not in MW)	ā
likely-distinct	2	atrI	atrī	(not in MW)	atrin	atrin	a devourer, demon	ī
likely-distinct	2	atyASA	atyāśā	extravagant hope.	atyASa	atyāśa	(not in MW)	ā
likely-distinct	2	avakA	avakā	id.	avaka	avaka	a grassy plant growing in marshy land (Blyxa Octandra Rich., otherwise called Śaivāla	ā
likely-distinct	2	avaroDikA	avarodhikā	a female of the inner apartments	avaroDika	avarodhika	a guard of the queen's apartments	ā
likely-distinct	2	azWIlA	aṣṭhīlā	id.	azWIla	aṣṭhīla	n.	ā
likely-distinct	2	cAmarikA	cāmarikā	a cluster	cAmarika	cāmarika	= ˚ra-grAha	ā
likely-distinct	2	cArikA	cārikā	‘a female attendant’, see antaHpura-	cArika	cārika	73108393,2cArikacArika2 cArika See brahma-, mAsa-	ā
likely-distinct	2	devakulikA	devakulikā	a small t˚, chapel	devakulika	devakulika	attendant on a t˚	ā
likely-distinct	2	devapraBA	devaprabhā	of the daughter of a Siddha	devapraBa	devaprabha	‘having divine splendour’, N. of a Gandharva	ā
likely-distinct	2	dyotA	dyotā	a squinting or a red-eyed or a red-haired woman	dyota	dyota	light, brilliance (cf. Ka-, cintya-, naKa-	ā
likely-distinct	2	gArgikA	gārgikā	descent from Garga, v, 1, 134	gArgika	gārgika	contemptuous metron. fr. gArgI	ā
likely-distinct	2	guptikA	guptikā	depth (of voice	guptika	guptika	N. of a man	ā
likely-distinct	2	halakA	halakā	g. prekzAdi.	halaka	halaka	N. of a man	ā
likely-distinct	2	indravaMSA	indravaṃśā	a metre of four lines (each of which contains twelve syllables).	indravaMSa	indravaṃśa	(not in MW)	ā
likely-distinct	2	indukA	indukā	N. of a river	induka	induka	N. of a plant = aSmantaka	ā
likely-distinct	2	jIvantikA	jīvantikā	a parasitical plant	jIvantika	jīvantika	= jIvAntaka	ā
likely-distinct	2	kOSalyA	kauśalyā	See kOsalya.	kOSalya	kauśalya	a kind of pavilion	ā
likely-distinct	2	kOSikI	kauśikī	N. of a goddess sprung from the body of Pārvatī	kOSikin	kauśikin	the pupils of Kauśika	ī
likely-distinct	2	kOzItakI	kauṣītakī	patr. of Agastya's wife	kOzItakin	kauṣītakin	‘the pupils of ˚ka’, N. of a school	ī
likely-distinct	2	kURikA	kūṇikā	the horn of any animal	kURika	kūṇika	N. of a prince of Campā	ā
likely-distinct	2	kUbarI	kūbarī	id.	kUbarin	kūbarin	a carriage	ī
likely-distinct	2	kaTA	kathā	conversation, speech, talking together	kaTa	katha	(not in MW)	ā
likely-distinct	2	kadalI	kadalī	the plantain tree	kadalin	kadalin	a kind of antelope	ī
likely-distinct	2	kadalIgarBA	kadalīgarbhā	N. of a daughter of Maṅkaṇaka	kadalIgarBa	kadalīgarbha	the pith of the plantain tree	ā
likely-distinct	2	karaBI	karabhī	a she-camel	karaBin	karabhin	‘having a trunk’, an elephant	ī
likely-distinct	2	karikA	karikā	a wound caused by a finger-nail	karika	karika	ifc. (= karin) an elephant	ā
likely-distinct	2	kfzRatArA	kṛṣṇatārā	the black of the eye	kfzRatAra	kṛṣṇatāra	‘black-eyed’, an antelope	ā
likely-distinct	2	kfzikA	kṛṣikā	cultivation of the soil	kfzika	kṛṣika		ā
likely-distinct	2	kiSarA	kiśarā	g. maDv-Adi.	kiSara	kiśara	a fragrant article for sale	ā
likely-distinct	2	koSAtakI	kośātakī	N. of a plant and of its fruit (Trichosanthes dioeca, or Luffa acutangula, or Luffa pentan	koSAtakin	kośātakin	trade, business	ī
likely-distinct	2	kundA	kundā	(not in MW)	kunda	kunda		ā
likely-distinct	2	kzatrI	kṣatrī	a woman of the second caste	kzatrin	kṣatrin	a man of the second caste	ī
likely-distinct	2	lambikA	lambikā	the uvula or soft palate (cf. lambikA-kokilA).	lambika	lambika	the Indian cuckoo	ā
likely-distinct	2	lipikA	lipikā	lipi, a writing, written paper	lipika	lipika	a scribe, clerk	ā
likely-distinct	2	mAhizikA	māhiṣikā	(not in MW)	mAhizika	māhiṣika	prec. sg.	ā
likely-distinct	2	madanaleKA	madanalekhā	id.	madanaleKa	madanalekha	a love letter	ā
likely-distinct	2	mahAdvArA	mahādvārā	having a large vagina	mahAdvAra	mahādvāra	n. a principal door or gate	ā
likely-distinct	2	makarI	makarī	the female of the sea-monster M˚	makarin	makarin	‘full of Makaras’, the sea	ī
likely-distinct	2	mowA	moṭā	Sida Cordifolia	mowa	moṭa	or n. a bundle (= Hindī moṭh	ā
likely-distinct	2	pASikA	pāśikā	a strap of leather on a plough	pASika	pāśika	one who snares animals, a bird-catcher	ā
likely-distinct	2	paTI	pathī	115154582,3paTIpaTI2 paTI See A-paTI.	paTin	pathin	pa/nTAnam [pa/nTAm	ī
likely-distinct	2	pitfgaRA	pitṛgaṇā	N. of Durgā (?	pitfgaRa	pitṛgaṇa	a group or class of P˚s	ā
likely-distinct	2	prozWikA	proṣṭhikā	Cyprinus Sophore	prozWika	proṣṭhika	N. of a man g. SivAdi	ā
likely-distinct	2	qamBA	ḍambhā	N. of a weapon	qamBa	ḍambha	N. of a man	ā
likely-distinct	2	rAQA	rāḍhā	beauty, splendour	rAQa	rāḍha	belonging to the district of Rāḍhā	ā
likely-distinct	2	rudrasenA	rudrasenā	R˚'s army	rudrasena	rudrasena	N. of a warrior	ā
likely-distinct	2	sUkarikA	sūkarikā	a kind of bird	sUkarika	sūkarika	or n. a kind of plant	ā
likely-distinct	2	saccArA	saccārā	(not in MW)	saccAra	saccāra	a good spy	ā
likely-distinct	2	sarpAsyA	sarpāsyā	N. of a Yoginī	sarpAsya	sarpāsya	‘sn˚-faced’, N. of a Rākṣasa	ā
likely-distinct	2	sirA	sirā	a stream, water	sira	sira	= 1. Sira, the root of Piper Longum	ā
likely-distinct	2	tanvI	tanvī	a slender or delicate woman	tanvin	tanvin	‘possessed of a body’, N. of a son of Manu Tāmasa	ī
likely-distinct	2	triSaNkukA	triśaṅkukā	See ˚Nku.	triSaNkuka	triśaṅkuka	a wag-tail	ā
likely-distinct	2	utplavA	utplavā	a boat	utplava	utplava	a jump, leap, bound	ā
likely-distinct	2	uttarikA	uttarikā	N. of a river	uttarika	uttarika	(not in MW)	ā
likely-distinct	2	vAlUkA	vālūkā	= vAlukA, sand	vAlUka	vālūka	a kind of poison	ā
likely-distinct	2	vArtikA	vārtikā	id.	vArtika	vārtika	a kind of bird	ā
likely-distinct	2	vaqA	vaḍā	a small lump, globule, round mass or cake	vaqa	vaḍa	(not in MW)	ā
likely-distinct	2	varI	varī	Asparagus Racemosus	varin	varin	‘rich in gifts (?)’, N. of a divine being enumerated among the Viśve Devāḥ	ī
likely-distinct	2	vatsamitrA	vatsamitrā	N. of a celestial virgin (Dik-kumārī	vatsamitra	vatsamitra	N. of a certain Gobhila	ā
likely-distinct	2	vigarhA	vigarhā	blame, censure	vigarha	vigarha	g. puzkarAdi.	ā
likely-distinct	1	ABA	ābhā	25229145,1ABAA-BA11 1. A-√ BA P. -BAti (Impv. 2. sg. A/-BAhi	ABa	ābha	ifc. like, resembling, appearing	ā
likely-distinct	1	AtmasamBavA	ātmasambhavā	a daughter	AtmasamBava	ātmasambhava	a son	ā
likely-distinct	1	BAnumatI	bhānumatī	N. of a daughter of Aṅgiras	BAnumatin	bhānumatin	N. of a man	ī
likely-distinct	1	BAradvAjI	bhāradvājī	a female descendant of Bharad-vāja (with rAtri N. of the author of	BAradvAjin	bhāradvājin	N. of a school	ī
likely-distinct	1	BallikA	bhallikā	Semecarpus Anacardium	Ballika	bhallika	N. of a man	ā
likely-distinct	1	BavAtmajA	bhavātmajā	N. of the goddess Manasā	BavAtmaja	bhavātmaja	‘Bhava's i.e. Śiva's son’, N. of Gaṇeśa or Kārttikeya	ā
likely-distinct	1	BillI	bhillī	a Bhilla woman	Billin	bhillin	Symplocos Racemosa	ī
likely-distinct	1	CagalAntrI	chagalāntrī	= ˚trikA	CagalAntrin	chagalāntrin	‘having goats in the bowels’, a wolf	ī
likely-distinct	1	CagalI	chagalī	id.	Cagalin	chagalin	N. of a teacher (pupil of Kalāpin	ī
likely-distinct	1	CattrikA	chattrikā	a parasol, 323 and 1446	Cattrika	chattrika	= ˚ttra-Dara, g. purohitAdi.	ā
likely-distinct	1	DAkA	dhākā		DAka	dhāka	an ox	ā
likely-distinct	1	DAnI	dhānī	= n. (cf. aNgAra-, gopAla-, rAja-	DAnin	dhānin	Careya Arborea or Salvadora Persica	ī
likely-distinct	1	DItikA	dhītikā	(not in MW)	DItika	dhītika	N. of a Buddh. patriarchal saint.	ā
likely-distinct	1	DattUrakA	dhattūrakā		DattUraka	dhattūraka		ā
likely-distinct	1	KaNKaRA	khaṅkhaṇā	the tinkling sound (of a bell	KaNKaRa	khaṅkhaṇa	= KaM-kara	ā
likely-distinct	1	KurI	khurī	g. bahv-Adi (not in	Kurin	khurin	an animal with hoofs	ī
likely-distinct	1	PaRijJakA	phaṇijjhakā	a species of basil with small leaves (commonly called rAma-dUti	PaRijJaka	phaṇijjhaka	141693.1716,2PaRijJakaPaRijJaka1 {{Lbody=141693}}	ā
likely-distinct	1	SArNgikA	śārṅgikā	the female of that bird.	SArNgika	śārṅgika	= SArNgaka	ā
likely-distinct	1	SAwyAyanI	śāṭyāyanī	N. of an Upaniṣad	SAwyAyanin	śāṭyāyanin	the followers of Śāṭyāyana (N. of a Śākhā of the Yajur-veda	ī
likely-distinct	1	SItapallavA	śītapallavā	another plant (= BUmi-jambu	SItapallava	śītapallava	Ardisia Solanacea	ā
likely-distinct	1	SOnakI	śaunakī	a wk. of Ś˚s (cf. laGu- and vfdDaSOnakI).	SOnakin	śaunakin	the pupils or followers of Śaunaka	ī
likely-distinct	1	SaNKikA	śaṅkhikā	Andropogon Aciculatus	SaNKika	śaṅkhika	N. of a man	ā
likely-distinct	1	SakulI	śakulī	See below.	Sakulin	śakulin	a fish	ī
likely-distinct	1	SiKaRqikA	śikhaṇḍikā	a tuft or lock of hair on the crown of the head	SiKaRqika	śikhaṇḍika	a cock	ā
likely-distinct	1	SrIgaReSA	śrīgaṇeśā	N. of Rādhā	SrIgaReSa	śrīgaṇeśa	the divine Gaṇeśa	ā
likely-distinct	1	SrIkArI	śrīkārī		SrIkArin	śrīkārin	‘causing increase’, a kind of antelope (= kuraNga; the flesh of it is considered highly nu	ī
likely-distinct	1	SrotA	śrotā	(not in MW)	Srota	śrota	2238381103,1SrotaSrota1 Srota See srota.	ā
likely-distinct	1	SuRqikA	śuṇḍikā	the uvula (in the throat	SuRqika	śuṇḍika	or n. (prob.) a tavern, dram-shop	ā
likely-distinct	1	SuklopalA	śuklopalā	id.	Suklopala	śuklopala	a white stone	ā
likely-distinct	1	SunA	śunā	a ploughshare (see SunA-vat and SunA-sIra	Suna	śuna	‘the Auspicious one’, N. of Vāyu	ā
likely-distinct	1	SvaGnI	śvaghnī	2242141105,1SvaGnISva—GnI3 Sva—GnI See under -han.	SvaGnin	śvaghnin	2241871104,3SvaGninSvaGnin1 SvaGnin See p. 1105, col. 2.	ī
likely-distinct	1	SvetakandA	śvetakandā	Aconitum Ferox	Svetakanda	śvetakanda	Allium Cepa or Ascalonicum	ā
likely-distinct	1	SvetavAhI	śvetavāhī	the wife of I˚	SvetavAhin	śvetavāhin	‘borne by white horses’, N. of Arjuna	ī
likely-distinct	1	aDimuktikA	adhimuktikā	(not in MW)	aDimuktika	adhimuktika	N. of Mahā-kāla	ā
likely-distinct	1	aRqikA	aṇḍikā	N. of a weight (= 4 yava	aRqika	aṇḍika	fever in an elephant or lion	ā
likely-distinct	1	aSlezA	aśleṣā	N. of the seventh (in later times the ninth) lunar mansion (containing five stars	aSleza	aśleṣa	(not in MW)	ā
likely-distinct	1	agnidevA	agnidevā	= -nakzatra/, q.v.	agnideva	agnideva	Agni	ā
likely-distinct	1	alpapuzpakA	alpapuṣpakā	the small Banana	alpapuzpaka	alpapuṣpaka	‘small-flowered’, the Tilaka tree	ā
likely-distinct	1	amBaHSyAmAkA	ambhaḥśyāmākā	(not in MW)	amBaHSyAmAka	ambhaḥśyāmāka	water hair-grass	ā
likely-distinct	1	araqA	araḍā	N. of a goddess	araqa	araḍa	a tree	ā
likely-distinct	1	asurendrA	asurendrā	(not in MW)	asurendra	asurendra	lord of the Asuras	ā
likely-distinct	1	avacUqA	avacūḍā	a pendent tuft or garland (an ornament of peacock feathers hanging down	avacUqa	avacūḍa	the pendent crest or streamer of a standard	ā
likely-distinct	1	avantisenA	avantisenā	(not in MW)	avantisena	avantisena	N. of a man	ā
likely-distinct	1	brahmadaRqI	brahmadaṇḍī	a species of plant	brahmadaRqin	brahmadaṇḍin	N. of a sage	ī
likely-distinct	1	candrasamBavA	candrasambhavā	small cardamoms	candrasamBava	candrasambhava	= -ja	ā
likely-distinct	1	carpawI	carpaṭī	a thin biscuit of flour (cf. parp˚	carpawin	carpaṭin	N. of the author of the Rasacandrodaya	ī
likely-distinct	1	ciratiktA	ciratiktā	a species of wild cucumber	ciratikta	ciratikta	Agathotes Chirayta	ā
likely-distinct	1	dEvI	daivī	a woman married according to the Daiva rite	dEvin	daivin	(not in MW)	ī
likely-distinct	1	daRqapAtA	daṇḍapātā	(not in MW)	daRqapAta	daṇḍapāta	= -nipAtana, v, 22, 17	ā
likely-distinct	1	devejyA	devejyā	(not in MW)	devejya	devejya	‘teacher of the g˚’, N. of Bṛhas-pati i.e. the planet Jupiter	ā
likely-distinct	1	dvArapAlikA	dvārapālikā		dvArapAlika	dvārapālika	metron. fr. -pAlI (g. revaty-Adi).	ā
likely-distinct	1	dvIpasamBavA	dvīpasambhavā	a kind of date	dvIpasamBava	dvīpasambhava	the largest sort of raisin, cubebs	ā
likely-distinct	1	dvayI	dvayī	couple, pair	dvayin	dvayin	comrade, fellow (cf. asad-dvayin add.	ī
likely-distinct	1	gaDA	gadhā	a particular part of a cart	gaDa	gadha	(not in MW)	ā
likely-distinct	1	ganDottamA	gandhottamā	spirituous or vinous liquor	ganDottama	gandhottama	N. of a Tathāgata	ā
likely-distinct	1	garBasaMBavA	garbhasaṃbhavā	(not in MW)	garBasaMBava	garbhasaṃbhava	(not in MW)	ā
likely-distinct	1	garBasamBavA	garbhasambhavā	a kind of cardamoms	garBasamBava	garbhasambhava	the production of a foetus, becoming pregnant	ā
likely-distinct	1	gopikA	gopikā	a cowherd's wife, cowherdess	gopika	gopika	the Mokṣaka tree	ā
likely-distinct	1	harI	harī	N. of the mythical mother of the monkeys	harin	harin	a monkey	ī
likely-distinct	1	hastiSuRqA	hastiśuṇḍā	id.	hastiSuRqa	hastiśuṇḍa	an el˚'s trunk	ā
likely-distinct	1	hastikA	hastikā	a kind of stringed instrument	hastika	hastika	a multitude of elephants (or m. ‘an elephant’	ā
likely-distinct	1	hemadugDI	hemadugdhī	= svarRa-kzIrI	hemadugDin	hemadugdhin	2641931304,3hemadugDinhema—dugDin3 {{Lbody=264192}}	ī
likely-distinct	1	hiraRyakeSI	hiraṇyakeśī	id.	hiraRyakeSin	hiraṇyakeśin	N. of the author of certain Sūtras	ī
likely-distinct	1	izvA	iṣvā	offspring	izva	iṣva	desire	ā
likely-distinct	1	jANgalI	jāṅgalī	Mucuna pruritus	jANgalin	jāṅgalin	id.	ī
likely-distinct	1	jArI	jārī	N. of Durgā	jArin	jārin	one whose wife has a paramour	ī
likely-distinct	1	jamBI	jambhī	N. of a goddess	jamBin	jambhin	the citron tree	ī
likely-distinct	1	jumbakA	jumbakā	(not in MW)	jumbaka	jumbaka	N. of a Varuṇa	ā
likely-distinct	1	kASyapI	kāśyapī	a female descendant of Kaśyapa	kASyapin	kāśyapin	the school of Kāśyapa	ī
likely-distinct	1	kAhalI	kāhalī	a young woman	kAhalin	kāhalin	N. of a Ṛṣi	ī
likely-distinct	1	kAkocI	kākocī	id.	kAkocin	kākocin	id.	ī
likely-distinct	1	kAzAyI	kāṣāyī	a sort of fly or wasp	kAzAyin	kāṣāyin	‘wearing a brown-red garment’, a Buddhist monk	ī
likely-distinct	1	kaRqUyA	kaṇḍūyā	scratching, itching Comm. on	kaRqUya	kaṇḍūya	42594246,1kaRqUyakaRqUya2 kaRqUya Nom. P. Ā. kaRqUya/ti, -te, to scratch, scrape, rub	ā
likely-distinct	1	kalakaRWI	kalakaṇṭhī	the female of that goose	kalakaRWin	kalakaṇṭhin	the Indian cuckoo	ī
likely-distinct	1	kanakasenA	kanakasenā	(not in MW)	kanakasena	kanakasena	N. of a king	ā
likely-distinct	1	kanakastamBA	kanakastambhā	‘having a golden stem’, a species of Musa	kanakastamBa	kanakastambha	a golden column or stem	ā
likely-distinct	1	karawI	karaṭī	a crow	karawin	karaṭin	an elephant	ī
likely-distinct	1	kasanA	kasanā	a kind of venomous snake (or spider, lUtA	kasana	kasana	cough (= kAsa	ā
likely-distinct	1	kfzRAjinA	kṛṣṇājinā	(not in MW)	kfzRAjina	kṛṣṇājina	the skin of the black antelope	ā
likely-distinct	1	kilAwI	kilāṭī	id.	kilAwin	kilāṭin	‘having white juice like kilAwa milk’, a bamboo	ī
likely-distinct	1	kroqI	kroḍī	a sow	kroqin	kroḍin	(not in MW)	ī
likely-distinct	1	kuWArikA	kuṭhārikā	a small axe	kuWArika	kuṭhārika	a wood-cutter	ā
likely-distinct	1	kuberI	kuberī	(not in MW)	kuberin	kuberin	N. of a mixed caste.	ī
likely-distinct	1	kurarI	kurarī	a female osprey	kurarin	kurarin	N. of a mountain	ī
likely-distinct	1	kzemaMkarI	kṣemaṃkarī	Durgā	kzemaMkarin	kṣemaṃkarin	the Brāhmaṇī kite or Coromandel eagle (bird of good omen), Falco pondicerianus	ī
likely-distinct	1	kzetrasamBavA	kṣetrasambhavā	a kind of gourd (= SaSARqulI	kzetrasamBava	kṣetrasambhava	‘growing on the fields’, Abelmoschus esculentus	ā
likely-distinct	1	lAlikA	lālikā	a rope round the nostrils of a horse	lAlika	lālika	a buffalo (cf. lAvika	ā
likely-distinct	1	lagaRA	lagaṇā	the heart pea, Cardiospermum Halicacabum	lagaRa	lagaṇa	a partic. disease of the eyelid	ā
likely-distinct	1	mAkandikA	mākandikā	N. of a city (= mAkandI	mAkandika	mākandika	metron. fr. makandikA	ā
likely-distinct	1	mAyUrikA	māyūrikā	a partic. Rāgiṇī	mAyUrika	māyūrika	a peacock-catcher	ā
likely-distinct	1	maDukArI	madhukārī	a female bee	maDukArin	madhukārin	a bee	ī
likely-distinct	1	maDukarI	madhukarī	a female bee	maDukarin	madhukarin	a bee	ī
likely-distinct	1	maDyamikA	madhyamikā	a marriageable woman	maDyamika	madhyamika	156569782,3maDyamikamaDyamika2 maDyamika prob. w.r. for mADyamika, q.v.	ā
likely-distinct	1	mahASalkA	mahāśalkā	a kind of sweet citron	mahASalka	mahāśalka	‘large-scaled’, a kind of prawn or sea crab	ā
likely-distinct	1	mahApakzI	mahāpakṣī	an owl	mahApakzin	mahāpakṣin	the hooting owl	ī
likely-distinct	1	mahApattrA	mahāpattrā	Uraria Lagopodioides	mahApattra	mahāpattra	‘having large leaves’, a kind of pot-herb	ā
likely-distinct	1	mahIsutA	mahīsutā	N. of Sītā	mahIsuta	mahīsuta	‘son of the earth’, the planet Mars	ā
likely-distinct	1	mahallikA	mahallikā	a female attendant in the women's apartments	mahallika	mahallika	= mahalla	ā
likely-distinct	1	marUdBavA	marūdbhavā	Alhagi Maurorum	marUdBava	marūdbhava	‘produced in a d˚’, a kind of ill-scented Mimosa	ā
likely-distinct	1	mataMgajA	mataṃgajā	a partic. Mūrchanā	mataMgaja	mataṃgaja	an elephant (-tva n.	ā
likely-distinct	1	meTikA	methikā	See next.	meTika	methika	the 17th or lowest cubit (aratni) from the top of the sacrificial post	ā
likely-distinct	1	mfgANkaleKA	mṛgāṅkalekhā	N. of the daughter of a king of the Vidyā-dharas	mfgANkaleKa	mṛgāṅkalekha	N. of wk.	ā
likely-distinct	1	mfgalocanA	mṛgalocanā	a fawn-eyed woman	mfgalocana	mṛgalocana	‘deer-eyed’, the moon	ā
likely-distinct	1	mocikA	mocikā	a species of plant	mocika	mocika	a tanner or shoemaker (cf. Hind. mochī	ā
likely-distinct	1	mukA	mukā	N. of a town	muka	muka	the smell of cow-dung	ā
likely-distinct	1	nAgamudrA	nāgamudrā	a seal-ring showing a serpent	nAgamudra	nāgamudra	N. of a Buddhist Sthavira	ā
likely-distinct	1	pArASarI	pārāśarī	See s.v.	pArASarin	pārāśarin	a mendicant of the order of Pārāśarya	ī
likely-distinct	1	pOrRimA	paurṇimā	prec.	pOrRima	paurṇima	an ascetic	ā
likely-distinct	1	paYcapakzI	pañcapakṣī	N. of sev. wks. on astrology	paYcapakzin	pañcapakṣin	or n. (?), N. of a small wk. containing auguries ascribed to Śiva (in which the 5 vowels a	ī
likely-distinct	1	pallavikA	pallavikā	a kind of scarf	pallavika	pallavika	= (or v.l. for) pallavaka m.	ā
likely-distinct	1	parIzahA	parīṣahā	= pari-z˚ (under pari-zah	parIzaha	parīṣaha	(not in MW)	ā
likely-distinct	1	parikzA	parikṣā	clay, mud, dirt	parikza	parikṣa	(not in MW)	ā
likely-distinct	1	pattrikA	pattrikā	See below	pattrika	pattrika	g. purohitAdi	ā
likely-distinct	1	pawwI	paṭṭī	a forehead ornament	pawwin	paṭṭin	a kind of Lodhra	ī
likely-distinct	1	pelA	pelā	(not in MW)	pela	pela	a small part	ā
likely-distinct	1	pftanyA	pṛtanyā	an army	pftanya	pṛtanya	128354645,3pftanyapftanya2 pftanya Nom. P. ˚ya/ti, to attack, assail, fight against (acc.	ā
likely-distinct	1	plIhA	plīhā	= plIhan	plIha	plīha	141453715,1plIhaplIha2 plIha in comp. for plIhan.	ā
likely-distinct	1	potrI	potrī	N. of Durgā	potrin	potrin	‘snouted’, a wild boar	ī
likely-distinct	1	powikA	poṭikā	a species of plant	powika	poṭika	a pustule, boil	ā
likely-distinct	1	prAGUrRikA	prāghūrṇikā	hospitable reception	prAGUrRika	prāghūrṇika	id.	ā
likely-distinct	1	prApaRikA	prāpaṇikā	a bold girl unfit for marriage	prApaRika	prāpaṇika	fr. -paRa; but cf.	ā
likely-distinct	1	prabAlikA	prabālikā	N. of a woman	prabAlika	prabālika	a kind of purslain	ā
likely-distinct	1	pratisarabanDA	pratisarabandhā	a female servant	pratisarabanDa	pratisarabandha	a partic. nuptial ceremony	ā
likely-distinct	1	rAmAryA	rāmāryā	N. of a poem by Rāma-candra	rAmArya	rāmārya	N. of the Guru of Śaṃkara	ā
likely-distinct	1	rUkzaRIyA	rūkṣaṇīyā	Coix Barbata	rUkzaRIya	rūkṣaṇīya	rum, spirit distilled from molasses	ā
likely-distinct	1	rUpikA	rūpikā	swallow-wort, Asclepias Lactifera	rUpika	rūpika	or n. (?) coined gold or silver, money	ā
likely-distinct	1	raTANgI	rathāṅgī	a species of medicinal plant	raTANgin	rathāṅgin	‘one who possesses a discus’, N. of Viṣṇu	ī
likely-distinct	1	raktAkzI	raktākṣī	N. of a Yoginī	raktAkzin	raktākṣin		ī
likely-distinct	1	raktapAtA	raktapātā	a leech	raktapAta	raktapāta	bloodshed, spilling of blood	ā
likely-distinct	1	sAgaragamBIrA	sāgaragambhīrā	N. of a serpent-maiden	sAgaragamBIra	sāgaragambhīra	a partic. Samādhi	ā
likely-distinct	1	sAtalA	sātalā	= saptalA	sAtala	sātala	N. of a poet	ā
likely-distinct	1	sTAyA	sthāyā	the earth	sTAya	sthāya	= sTAman	ā
likely-distinct	1	sUzA	sūṣā	a parturient woman	sUza	sūṣa	strength, vigour, energy	ā
likely-distinct	1	saMgaTA	saṃgathā	confluence	saMgaTa	saṃgatha	meeting-place, centre	ā
likely-distinct	1	saMjA	saṃjā	a she-goat	saMja	saṃja	‘universal Creator’, N. of Brahmā or Śiva	ā
likely-distinct	1	sakfdgarBA	sakṛdgarbhā	a woman who is pregnant only once	sakfdgarBa	sakṛdgarbha	‘having only one conception’, a mule	ā
likely-distinct	1	samAsArTA	samāsārthā	the part of a stanza given for completion (= sam-asyA	samAsArTa	samāsārtha	the sense of a comp˚	ā
likely-distinct	1	samBAzA	sambhāṣā	id.	samBAza	sambhāṣa	discourse, talk, conversation with (gen. or instr. with or without saha, or comp.	ā
likely-distinct	1	sammohA	sammohā	a kind of metre	sammoha	sammoha	stupefaction, bewilderment, confusion, insensibility, unconsciousness, ignorance, folly, i	ā
likely-distinct	1	sampIqA	sampīḍā	pain, torture	sampIqa	sampīḍa	pressing or squeezing together, pressure	ā
likely-distinct	1	saptacCadA	saptacchadā	id.	saptacCada	saptacchada	‘7 leaved’, a kind of tree	ā
likely-distinct	1	sarvaDArI	sarvadhārī	N. of the 22nd year of Jupiter's cycle of 60 years, accord. to some	sarvaDArin	sarvadhārin	‘all-holder’, N. of Śiva	ī
likely-distinct	1	sevanI	sevanī	a needle	sevanin	sevanin	a ploughman (?	ī
likely-distinct	1	sfRIkA	sṛṇīkā	spittle, saliva	sfRIka	sṛṇīka	only	ā
likely-distinct	1	siMhavijfmBitA	siṃhavijṛmbhitā	(not in MW)	siMhavijfmBita	siṃhavijṛmbhita	a kind of Samādhi	ā
likely-distinct	1	stamBakI	stambhakī	N. of a goddess	stamBakin	stambhakin	a kind of musical instrument covered with leather	ī
likely-distinct	1	sucCattrA	succhattrā	the river Śata-dru or Sutlej	sucCattra	succhattra	N. of Śiva	ā
likely-distinct	1	suparRI	suparṇī	a partic. personification (mentioned together with Kadrū, sometimes identified with Vāc an	suparRin	suparṇin	Garuḍa	ī
likely-distinct	1	suraparRikA	suraparṇikā	Rottleria Tinctoria	suraparRika	suraparṇika	a kind of Puṃ-nāga tree	ā
likely-distinct	1	suravallaBA	suravallabhā	white Dūrvā grass	suravallaBa	suravallabha	Rottleria Tinctoria	ā
likely-distinct	1	syUnA	syūnā	a ray of light	syUna	syūna	only	ā
likely-distinct	1	tARqavikA	tāṇḍavikā	a dancing, mistress	tARqavika	tāṇḍavika	(not in MW)	ā
likely-distinct	1	tElapAyikA	tailapāyikā	= -pA	tElapAyika	tailapāyika	= -pA (or ‘N. of a bird’ Sch.	ā
likely-distinct	1	tuRqI	tuṇḍī	a kind of gourd	tuRqin	tuṇḍin	a bird	ī
likely-distinct	1	tuRqikerI	tuṇḍikerī	= ˚keSI	tuRqikerin	tuṇḍikerin	N. of a venomous insect, v, 8, 3.	ī
likely-distinct	1	utkArikA	utkārikā	a poultice	utkArika	utkārika	(not in MW)	ā
likely-distinct	1	uttaMsikA	uttaṃsikā	(not in MW)	uttaMsika	uttaṃsika	N. of a Nāga	ā
likely-distinct	1	vAgurA	vāgurā	a net (for catching deer or wild animals), trap, toils, snare, noose	vAgura	vāgura	the son of a Vaiśya and a Veṇī	ā
likely-distinct	1	vAtApI	vātāpī	N. of a town (also called ˚pi-purI	vAtApin	vātāpin	(not in MW)	ī
likely-distinct	1	vAyusamBavA	vāyusambhavā	a red cow	vAyusamBava	vāyusambhava	‘wind-born’, N. of Hanumat	ā
likely-distinct	1	vESAKI	vaiśākhī	the day of full moon in the month Vaiśākha	vESAKin	vaiśākhin	a partic. part of an elephant's forefoot	ī
likely-distinct	1	vEtAlI	vaitālī	a kind of metre	vEtAlin	vaitālin	N. of one of Skanda's attendants	ī
likely-distinct	1	vIkzA	vīkṣā	id.	vIkza	vīkṣa	sight, seeing	ā
likely-distinct	1	vIraRI	vīraṇī	a side-glance, leer	vIraRin	vīraṇin	N. of a teacher	ī
likely-distinct	1	vIvaDA	vīvadhā	a yoke (fig.) i.e. chain, fetters (cf. vfdDa-v˚).	vIvaDa	vīvadha	199980.1987,1vIvaDavI-vaDa1 {{Lbody=199980}}	ā
likely-distinct	1	vaRijA	vaṇijā	traffic, commerce	vaRija	vaṇija	= vaRij, a merchant, trader	ā
likely-distinct	1	valgulA	valgulā	a species of night-bird	valgula	valgula	the flying fox	ā
likely-distinct	1	vanarakzakA	vanarakṣakā	N. of a woman, Vṛṣabha.n.	vanarakzaka	vanarakṣaka	a forest-keeper	ā
likely-distinct	1	varABiDA	varābhidhā	sorrel	varABiDa	varābhidha	one who has a good name	ā
likely-distinct	1	varANgI	varāṅgī	turmeric	varANgin	varāṅgin	sorrel	ī
likely-distinct	1	vastraBUzaRA	vastrabhūṣaṇā	a kind of pl˚	vastraBUzaRa	vastrabhūṣaṇa	a kind of plant	ā
likely-distinct	1	vasuDarA	vasudharā	N. of a goddess	vasuDara	vasudhara	N. of a poet	ā
likely-distinct	1	vawikA	vaṭikā	id.	vawika	vaṭika	a pawn (at chess	ā
likely-distinct	1	vewA	veṭā	the abode of the Vaiśya tribe (?	vewa	veṭa	a kind of tree (= pIlu-vFkza	ā
likely-distinct	1	vftrahatyA	vṛtrahatyā	id.	vftrahatya	vṛtrahatya	the slaying of V˚ or of enemies, victorious fight	ā
likely-distinct	1	viBAsA	vibhāsā	shining brightly, light, lustre	viBAsa	vibhāsa	N. of one of the 7 suns	ā
likely-distinct	1	viDamA	vidhamā	N. of a female demon	viDama	vidhama	196476967,2viDamavi-Dama2 vi-Dama (2. sg. Impv.	ā
likely-distinct	1	viSAlikA	viśālikā	Odina Pinnata	viSAlika	viśālika	endearing forms of names beginning with viSAla	ā
likely-distinct	1	viSalA	viśalā	N. of a town	viSala	viśala	N. of the son of Abja	ā
likely-distinct	1	vidyuddyotA	vidyuddyotā	N. of a princess	vidyuddyota	vidyuddyota	the brightness of l˚	ā
likely-distinct	1	vikarRI	vikarṇī	a kind of brick	vikarRin	vikarṇin	a kind of arrow	ī
likely-distinct	1	vikarRikA	vikarṇikā		vikarRika	vikarṇika	N. of a people	ā
likely-distinct	1	vikuRWanA	vikuṇṭhanā	inward glance, mental concentration	vikuRWana	vikuṇṭhana	N. of a son of Hastin	ā
likely-distinct	1	vipA	vipā	speech (= vAc	vipa	vipa	a learned man (= meDAvin	ā
likely-distinct	1	viwakA	viṭakā	a room where Viṭas meet.	viwaka	viṭaka	N. of a people	ā
likely-distinct	1	vratacaryA	vratacaryā	the practice of any religious observance or vow	vratacarya	vratacarya	a rel˚ student	ā
likely-distinct	1	vyaDA	vyadhā	bleeding	vyaDa	vyadha	piercing, hitting, striking, a stroke, wound	ā
likely-distinct	0	AkASajananI	ākāśajananī	a loophole, casement, embrasure	AkASajananin	ākāśajananin	(not in MW)	ī
likely-distinct	0	DarmitA	dharmitā	the being endowed with any ch˚ m˚ or a˚ (ifc.	Darmita	dharmita	(not in MW)	ā
likely-distinct	0	PaRikA	phaṇikā	Ficus Oppositifolia	PaRika	phaṇika	(not in MW)	ā
likely-distinct	0	PalendrA	phalendrā	a species of Jambū	Palendra	phalendra	(not in MW)	ā
likely-distinct	0	SArNgaravI	śārṅgaravī	N. of a woman	SArNgaravin	śārṅgaravin	(not in MW)	ī
likely-distinct	0	SivApriyA	śivāpriyā	‘dear to the jackals’, a goat	SivApriya	śivāpriya	(not in MW)	ā
likely-distinct	0	SlezmaGanA	śleṣmaghanā	(not in MW)	SlezmaGana	śleṣmaghana	Pandanus Odoratissimus	ā
likely-distinct	0	SuBradantI	śubhradantī	N. of the female of the elephants Puṣpa-danta (cf. SuBa-dantI) and Sārvabhauma	SuBradantin	śubhradantin	(not in MW)	ī
likely-distinct	0	ahiganDA	ahigandhā	(not in MW)	ahiganDa	ahigandha	(not in MW)	ā
likely-distinct	0	ambuDArA	ambudhārā	(not in MW)	ambuDAra	ambudhāra	a cloud	ā
likely-distinct	0	amotaputrakA	amotaputrakā	(not in MW)	amotaputraka	amotaputraka	a child protected at home [a weaver's boy	ā
likely-distinct	0	arkAtmajA	arkātmajā	‘daughter of the Sun’, N. of Yamunā	arkAtmaja	arkātmaja	(not in MW)	ā
likely-distinct	0	bAlavatsA	bālavatsā	(not in MW)	bAlavatsa	bālavatsa	one whose child is still a boy	ā
likely-distinct	0	bahirmudrA	bahirmudrā	(not in MW)	bahirmudra	bahirmudra	N. of a form of devotion (opp. to antar-m˚	ā
likely-distinct	0	cAryA	cāryā	(not in MW)	cArya	cārya	espionage	ā
likely-distinct	0	cakrabAlA	cakrabālā	Hibiscus cannabinus	cakrabAla	cakrabāla	(not in MW)	ā
likely-distinct	0	dArumatsyAhvayA	dārumatsyāhvayā	(not in MW)	dArumatsyAhvaya	dārumatsyāhvaya	a lizard	ā
likely-distinct	0	dArumuKyAhvayA	dārumukhyāhvayā	(not in MW)	dArumuKyAhvaya	dārumukhyāhvaya	= matsyAhvaya	ā
likely-distinct	0	dIrGakaMDarA	dīrghakaṃdharā	= -kaRWaka	dIrGakaMDara	dīrghakaṃdhara	(not in MW)	ā
likely-distinct	0	dinakarAtmajA	dinakarātmajā	(not in MW)	dinakarAtmaja	dinakarātmaja	‘daughter of the sun’, patr. of the Yamunā	ā
likely-distinct	0	dvIpikA	dvīpikā	Asparagus Racemosus	dvIpika	dvīpika	(not in MW)	ā
likely-distinct	0	ganDotkawA	gandhotkaṭā	(not in MW)	ganDotkawa	gandhotkaṭa	Artemisia Abrotanum	ā
likely-distinct	0	gardaBI	gardabhī	a she-ass	gardaBin	gardabhin	(not in MW)	ī
likely-distinct	0	golikA	golikā	a small ball or globule	golika	golika	(not in MW)	ā
likely-distinct	0	gopItilakA	gopītilakā	(not in MW)	gopItilaka	gopītilaka	a kind of bird	ā
likely-distinct	0	hayI	hayī	(not in MW)	hayin	hayin	a horseman, rider	ī
likely-distinct	0	izwakA	iṣṭakā	a brick in general	izwaka	iṣṭaka	(not in MW)	ā
likely-distinct	0	jakzA	jakṣā	chewing	jakza	jakṣa	(not in MW)	ā
likely-distinct	0	jalakAmukA	jalakāmukā	‘fond of water’, the plant kuwumbinI	jalakAmuka	jalakāmuka	(not in MW)	ā
likely-distinct	0	kAraRI	kāraṇī	(not in MW)	kAraRin	kāraṇin	(not in MW)	ī
likely-distinct	0	kfmilikA	kṛmilikā	linen cloth dyed with red colour	kfmilika	kṛmilika	(not in MW)	ā
likely-distinct	0	krAntikakzA	krāntikakṣā	the sun's course, ecliptic.	krAntikakza	krāntikakṣa	(not in MW)	ā
likely-distinct	0	lAjI	lājī	N. of a place	lAjin	lājin	(not in MW)	ī
likely-distinct	0	mUzikAhvayA	mūṣikāhvayā	Anthericum Tuberosum	mUzikAhvaya	mūṣikāhvaya	(not in MW)	ā
likely-distinct	0	maDucCadA	madhucchadā	(not in MW)	maDucCada	madhucchada	Flacourtia Sapida	ā
likely-distinct	0	medogalA	medogalā	(not in MW)	medogala	medogala	a species of plant resembling the Mimosa Pudica	ā
likely-distinct	0	mezAhvayA	meṣāhvayā	Cassia Thora	mezAhvaya	meṣāhvaya	(not in MW)	ā
likely-distinct	0	mukundA	mukundā	(not in MW)	mukunda	mukunda	N. of Viṣṇu (sometimes transferred to Śiva	ā
likely-distinct	0	pARqavikA	pāṇḍavikā	(not in MW)	pARqavika	pāṇḍavika	a kind of sparrow	ā
likely-distinct	0	pAlikA	pālikā	the tip of the ear	pAlika	pālika	(not in MW)	ā
likely-distinct	0	pAnIyapfzWajA	pānīyapṛṣṭhajā	(not in MW)	pAnIyapfzWaja	pānīyapṛṣṭhaja	‘w˚-surface-born’, Pistia Stratiotes	ā
likely-distinct	0	pAwahikA	pāṭahikā	Abrus Precatorius (a small shrub	pAwahika	pāṭahika	(not in MW)	ā
likely-distinct	0	paSuyUkA	paśuyūkā	(not in MW)	paSuyUka	paśuyūka	a louse which infests cattle	ā
likely-distinct	0	pariBakzA	paribhakṣā	passing over any one at a meal, N. of a partic. observance	pariBakza	paribhakṣa	(not in MW)	ā
likely-distinct	0	peYjUzA	peñjūṣā	the wax of the ear	peYjUza	peñjūṣa	(not in MW)	ā
likely-distinct	0	pippIkA	pippīkā	a species of bird	pippIka	pippīka	(not in MW)	ā
likely-distinct	0	prahelikA	prahelikā	an enigma, riddle, puzzling question.	prahelika	prahelika	(not in MW)	ā
likely-distinct	0	puzpalAvI	puṣpalāvī	a female f˚-gatherer	puzpalAvin	puṣpalāvin	(not in MW)	ī
likely-distinct	0	sUkzmamakzikA	sūkṣmamakṣikā	(not in MW)	sUkzmamakzika	sūkṣmamakṣika	. ) a small fly, musquito, gnat	ā
likely-distinct	0	saMyamanI	saṃyamanī	N. of the city or residence of Yama (fabled to be situated on Mount Meru	saMyamanin	saṃyamanin	(not in MW)	ī
likely-distinct	0	sarvaDarmamudrA	sarvadharmamudrā	(not in MW)	sarvaDarmamudra	sarvadharmamudra	a partic. Samādhi	ā
likely-distinct	0	sipunA	sipunā	a kind of plant	sipuna	sipuna	(not in MW)	ā
likely-distinct	0	sitakarRikA	sitakarṇikā	Gendarussa Vulgaris.	sitakarRika	sitakarṇika	(not in MW)	ā
likely-distinct	0	suKamAlikA	sukhamālikā	(not in MW)	suKamAlika	sukhamālika	N. of the superintendent of a monastery	ā
likely-distinct	0	tanutvacA	tanutvacā	(not in MW)	tanutvaca	tanutvaca	Premna spinosa	ā
likely-distinct	0	tfRanimbA	tṛṇanimbā	the Nepalese Nimba	tfRanimba	tṛṇanimba	(not in MW)	ā
likely-distinct	0	vAnavAsikA	vānavāsikā	a kind of metre	vAnavAsika	vānavāsika	(not in MW)	ā
likely-distinct	0	vArUQA	vārūḍhā	only	vArUQa	vārūḍha	(not in MW)	ā
likely-distinct	0	varvA	varvā	(not in MW)	varva	varva	or n. (prob.) a partic. coin	ā
likely-distinct	0	veSijAtA	veśijātā	(not in MW)	veSijAta	veśijāta	a kind of creeper (= putra-dAtrI	ā
likely-distinct	0	vedamuKyA	vedamukhyā	(not in MW)	vedamuKya	vedamukhya	a sort of insect, the winged bug	ā
likely-distinct	0	vfkyA	vṛkyā	(not in MW)	vfkya	vṛkya	(not in MW)	ā
likely-distinct	0	vfzwitA	vṛṣṭitā	the condition of rain	vfzwita	vṛṣṭita	(not in MW)	ā
likely-distinct	0	viSvaBujA	viśvabhujā	N. of a goddess	viSvaBuja	viśvabhuja	(not in MW)	ā
likely-distinct	0	viheWA	viheṭhā	(not in MW)	viheWa	viheṭha	hurt, injury	ā
likely-distinct	0	vipAsA	vipāsā	(not in MW)	vipAsa	vipāsa	(not in MW)	ā
likely-distinct	0	wakkarA	ṭakkarā	a blow on the head, v f.	wakkara	ṭakkara	(not in MW)	ā
likely-distinct	0	yAnapAtrikA	yānapātrikā		yAnapAtrika	yānapātrika	(not in MW)	ā
