dict	l_id	k1	predicted	reason	plain_excerpt	gold	notes
ap90	3690	aByutpatanaM	synonym	syn_list_n=4	Springing or leaping against, sudden spring or leap, assault; alakzitAByutpatano nfpeRa R. 2. 27.		
ap90	15698	dolAyita	synonym	syn_list_n=3	a. Swung, shaken, oscillating &c.		
ap90	12633	guzpita	synonym	syn_list_n=2	a. Ved. Interlaced, intwined.		
ap90	23360	mUrtitvaM	synonym	syn_list_n=3	Embodiment, materiality, incarnation.		
ap90	17330	nIvft	synonym	syn_list_n=3	m. Any inhabited country, realm, kingdom.		
ap90	19352	pezaka	synonym	syn_list_n=2	a. Pounding, grinding.		
ap90	14863	tUzRIka	synonym	syn_list_n=2	a. Silent, taciturn.		
ap90	8545	upajalp	synonym	syn_list_n=3	c1c P. To talk to, converse with, chatter. -- To advise.		
ap90	6038	AwarUzaH	equivalent	name_formula	[ awarUza eva, svArTe aR ] N. of a tree, see awarUza .		
ap90	27832	SAMbavikaH	equivalent	short_tok=4	A dealer in shells.		
ap90	28273	SOkaM	equivalent	short_tok=4	A flock of parrots.		
ap90	15566	dUlikA	equivalent	short_tok=3	The Indigo plant.		
ap90	10686	kAnizWineyaH	equivalent	short_tok=11	[ kanizWA-apatyArTe Wak inaN ca ] The offspring of the youngest child.		
ap90	10769	kArIzaM	equivalent	short_tok=8	[ karIzARAM samUhaH aR ] A heap of dried cowdung.		
ap90	11263	kuvAhulaH	equivalent	short_tok=2	A camel.		
ap90	16567	nAhuzaH	equivalent	short_tok=4	An epithet of Yayāti.		
ap90	32017	BAravi	encyclopedic	desc_tok=14_char=102	Author of the Kirātārjunīya; mentioned along with Kālidāsa in an inscription dated 634. See kAlidAsa .		
ap90	27796	SAtakuMBaM	encyclopedic	desc_tok=7_char=63	1 Gold; Śi. 9. 9 ; N. 16. 34 . --2 The thorn-apple ( DattUra ).		
ap90	1114	aDyUQa	encyclopedic	desc_tok=32_char=226	a. [ aDi upari UQaH ] 1 Raised, exalted, elevated, hanging over. --2 Abundant, increased, copious. --3 Rich, affluent. --QaH Śiva. --QA A wife whose husband has married another wife and thus superseded her (= aDivinnA q. v. ).		
ap90	24530	las	encyclopedic	desc_tok=57_char=416	I. c1c P. ( lasati, lasita ) 1 To shine, glitter, flash; muktahareRa lasatA hasatIva stanadvayaM K. P. 10 ; karavARi caraRadvayaM sarasalasadalaktakarAgaM Gīt. 10 ; Amaru. 16 ; N. 22. 53. --2 To appear, arise, come to light. --3 To embrace.		
ap90	23912	raH	encyclopedic	desc_tok=29_char=218	1 Fire. --2 Heat. --3 Love, desire. --4 Speed. --5 (In prosody) A syllabic foot ( gaRa ) consisting of a short syllable between two long syllables. --rA 1 Giving. --2 Gold. --rI Going, motion. --raM Brightness, lustre.		
ap90	30636	sODa	encyclopedic	desc_tok=52_char=398	a. ( DI f. ) [ suDayA nirmitaM raktaM vA aR ] 1 Relating to, or having, nectar. --2 Having plaster, or plastered. --DaM 1 A white-washed mansion, any stuccoed house. --2 Any great mansion or palace, large house; sODavAsamuwajena vismftaH sa		
ap90	14690	tiryac	encyclopedic	desc_tok=136_char=959	a. ( tiraScI f. , rarely tiryaM , cI ) 1 Oblique, transverse, horizontal, awry; Ku. 6. 71. --2 Crooked, curved. --3 Crossing over, traversing. --4 Winding. --5 Lying in the middle or between. -- m. , -- n. 1 An animal (going horizontally, a		
ap90	26828	vIvaDikaH	encyclopedic	desc_tok=13_char=67	1 A man who carries loads by means of a yoke. --2 A general dealer.		
ap90	7028	ASalaH	residual	crossref_short	A tree; see jIvaka .		
ap90	28091.1	SutudrUH	residual	crossref	Lbody=28091		
ap90	294.1	aMgiras	residual	crossref	Lbody=294		
ap90	1431.1	animizA	residual	crossref	Lbody=1431		
ap90	11822.1	kzatraM	residual	crossref	Lbody=11822		
ap90	23408.1	mfRAlI	residual	crossref	Lbody=23408		
ap90	18376.1	paredyus	residual	crossref	Lbody=18376		
ap90	9306.2	uSIraM	residual	crossref	Lbody=9306		
bhs	1949	arDaparyaNka	synonym	syn_list_n=3	( m. ; = Pali aḍḍha-pallaṅka), half-paryaṅka position (with only one leg bent under): LV 〔155.1〕 (˚kaṃ kṛtvā).		
bhs	306	atimAna	synonym	syn_list_n=6	(= Pali id. ), self-conceit, excessive pride ; see also mānātimāna : Mv 〔iii.214.9〕; an-atimāna-tayā, Gv 〔464.5〕.		
bhs	4367	kaRWamaRi	synonym	syn_list_n=3	( m. or f. ; = Skt. Lex. id. only Trik. ), Adamʼs apple : ˚ṇiḥ Mvy 〔3962〕.		
bhs	8263	ninandati	synonym	syn_list_n=6	(unrecorded elsewhere), rejoices, applauds : ˚diṃsuḥ (or v.l. ˚ditsuḥ), 3 pl. aor. , Mv 〔iii.267.8〕 ( vs , but metr. poor).		
bhs	8605	nistIraRa	synonym	syn_list_n=9	, (to next, plus -ana), accomplishment : LV 〔429.18〕; Dbh 〔3.22〕 (pratisaṃvid-bhūmi-˚ṇāya); 〔4.7〕; 〔42.21〕; Gv 〔201.25〕; 〔344.19〕 (-samārambha-nis˚); all prose.		
bhs	10312	pratyezaka	synonym	syn_list_n=3	, m. ( cf. next), recipient : (-vyākaraṇa-)˚kaś Dbh 〔71.25〕; (prajñāpāramitāyāḥ …) AsP 〔40.16〕.		
bhs	12852	rUpyavatI	synonym	syn_list_n=2	, read Rūpāvatī , q.v. : RP 〔25.2〕.]		
bhs	14657	vyavadahyati	synonym	syn_list_n=4	( v.l. vyapa˚), pass. , is consumed, burnt away : (atha teṣāṃ …) tac chavimānsalohitaṃ ˚yati Mv 〔i.18.13〕 (prose).		
bhs	11158	BadrottamA	equivalent	name_formula	, n. of a lay-disciple: Gv 〔451.10〕 etc.		
bhs	5775	guRAkaragupta	equivalent	name_formula	, n. of a teacher and author: Sādh 〔541.14〕.		
bhs	12013	mArapramardaka	equivalent	name_formula	, n. of a son of Māra (favorable to the Bodhisattva): LV 〔316.22〕.		
bhs	12121	muci	equivalent	name_formula	, n. of an ancient king: Mvy 〔3562〕. Seems to correspond to Pali Mucala, DPPN .		
bhs	8018	nagarabindu	equivalent	name_formula	( cf. Pali Nagaravinda), n. of a city in Kośala: MSV 〔i.66.5〕.		
bhs	17136	suvarRaDvaja	equivalent	name_formula	( nt. ), n. of a palace at Aḍakavatī : Suv 〔116.1〕.		
bhs	14559	vErAmaka	equivalent	name_formula	( cf. Skt. Vairāma, n. of a people, Mbh. Cr. ed. 〔2.47.10〕), n. of a locality: Māy 〔48〕.		
bhs	14288	vizRulA	equivalent	name_formula	, n. of a rākṣasī: Māy 〔240.7〕.		
bhs	6564	jAtIya	encyclopedic	desc_tok=250_char=1772	, ifc. adj. , ( 1 ) (in this sense unrecorded; cf. jāti 2) of (such and such) an age : bāla-j˚, young in age , Mvy 〔7099〕; (kumārakāś …) SP 〔73.4〕 (in this and the next two bāla may also connote foolish ); bālāḥ ( fools ) kṣaṇyante madhudig		
bhs	12146	mudrA	encyclopedic	desc_tok=171_char=1190	(in these mgs. not in Skt. ), ( 1 ) (= Pali muddā, acc. to PTSD art of calculation ; assoc. with gaṇanā; acc. to DN comm. 〔i.95.19〕 hattha-muddā-gaṇanā, cf. Tib. below, while gaṇanā is acchiddaka-( q.v. CPD )-gaṇanā), some method of calcula		
bhs	10422	praBeda	encyclopedic	desc_tok=19_char=152	, m. , ( 1 ) ten thousand : Mvy 〔7993〕 ( mg. proved by position and Tib. khri ); ( 2 ) analysis, solution (of questions): praśna-˚da-kuśalaś SP 〔340.2〕.		
bhs	10314	pratyottareRa	encyclopedic	desc_tok=35_char=267	, adv. , after (with prec. gen. ; cf. ottareṇa , also preceded by Dīpaṃkarasya): (Dīpaṃkarasya tathāgatasya) pratyottareṇa (all mss. ; Senart em. tasyott˚, but tasya is implausible in this position) Mv 〔i.2.2〕, after D. Em. to *pratyuttareṇ		
bhs	16555	sarvotuka	encyclopedic	desc_tok=42_char=334	, or ˚duka , adj. (〔§ 3.92〕; semi- MIndic for Skt. sarvartuka; see sarvārtuka ; = Pali sabbotuka, AMg. savvouya, savvottuya), of all seasons : ˚tukāni ( mss. sarvodakāni; with puṣpāṇi) Mv 〔iii.69.12, 13〕; (puṣpāṇi …) sarvotuka-(so Senart em		
bhs	3581	udyAna	encyclopedic	desc_tok=145_char=922	(in Skt. nt. , park , and so Pali uyyāna), ( 1 ) park , as m. (? with m. form of pron. ): udyāna sarve ( n. pl. ) LV 〔231.1〕 ( vs ); ( 2 ) advance (of an army), one of the arts mastered by the young Bodhisattva: LV 〔156.12〕 udyāne ( Tib. md		
bhs	13498	vAdirAj	encyclopedic	desc_tok=10_char=67	, a name or form of Mañjuśrī: ˚rāḍ-Mañjuśrīrūpaṃ Sādh 〔104.5〕; etc.		
bhs	13835	viDamanaka	encyclopedic	desc_tok=21_char=123	( nt. or m. ; cf. prec. ), bellows : ˚kena vā (in series of methods of producing wind) Śikṣ 〔249.2〕; so acc. to Tib. sbud .		
bhs	11234	BAziRikA	residual	crossref_short	, see bhās˚ .		
bhs	441	aDimucyanA	residual	crossref	= prec. , q.v. : Sūtrāl. 〔xi.61〕.		
bhs	7382	durAkAra	residual	crossref_short	, see ākāra .		
bhs	8523	niSCavIkftvA	residual	crossref_short	, see nicchavi˚ .		
bhs	10687	prAtihArapakza	residual	crossref	= prec. , q.v.		
bhs	10133	pratiSamayati	residual	crossref	= pratiśām˚ , q.v.		
bhs	12722	raSami	residual	crossref	= next, 〔§ 3.101〕, m.c. : raśami-śata- LV 〔357.3〕 ( vs ); best mss. rasami-, others raśmi-, metr. inferior.		
bhs	14725	vyutKaRqaSaH	residual	crossref	= vyutkaṇṭhaśaḥ , q.v. : Prāt 〔532.11〕; acc. to Chin. , picking out the best morsels (to Skt. khaṇḍa).		
bur	12693	BasUcaka	synonym	syn_list_n=2	bhasūcaka m. (bha étoile) astronome, astrologue.		
bur	1202	aBisUcita	synonym	syn_list_n=2	abhisūcita pp. (sūc) montré, manifesté.		
bur	1790	aSEkza	synonym	syn_list_n=3	aśaikṣa a. (a priv. ) Bd. qui n'est plus éleve; qui est maître, et même arhat .		
bur	1471	al	synonym	syn_list_n=6	al. alāmi, ale 1; p. āla; a1. āliṣam; pp. alita. Orner. -- Contenir, empêcher. Suffire.		
bur	12544	bukk	synonym	syn_list_n=5	bukk. bukkāmi 1 et bukkayāmi 10. Aboyer, hurler, rugir, braire, etc. Parler.		
bur	11387	pyuzyAmi	synonym	syn_list_n=6	pyuṣyāmi 4 (api; uṣ) . Brûler. Diviser, partager, distribuer. pyoṣayāmi 10. Envoyer, lancer; rejeter.		
bur	14984	vAYC	synonym	syn_list_n=3	vāñch. vāñchāmi, vāñche 1. Désirer; angl. wish. Cf. kāṅkṣ.		
bur	13820	yAsayAmi	synonym	syn_list_n=3	yāsayāmi; pqp. ayīyasam; c. de yas.		
bur	6850	Cad	equivalent	short_tok=3	chad (?) pour chand.		
bur	844	anvIta	equivalent	short_tok=3	anvīta comme anvita.		
bur	9736	nikrAmAmi	equivalent	short_tok=5	nikrāmāmi (kram) fouler aux pieds.		
bur	11478	prajapAmi	equivalent	short_tok=6	prajapāmi (jap) réciter à voix basse.		
bur	17637	samaBijAye	equivalent	short_tok=4	samabhijāye (jan) naître.		
bur	17919	sampariBarAmi	equivalent	short_tok=4	samparibharāmi (bhṛ) mépriser.		
bur	17540	sannimantraye	equivalent	short_tok=3	sannimantraye (mantra) inviter.		
bur	15370	vitfzyAmi	equivalent	short_tok=4	vitṛṣyāmi (tṛṣ) avoir soif.		
bur	16666	SAkamBarI	encyclopedic	desc_tok=17_char=93	śākambharī f. Durgā . Np. de ville. śākambharīya n. sel extrait d'un lac près de Śākambharī .		
bur	6565	cikasizAmi	encyclopedic	desc_tok=5_char=25	cikasiṣāmi dés. de kas 1.		
bur	9657	nAgoda	encyclopedic	desc_tok=10_char=54	nāgoda et nāgodara n. esp. de cuirasse ou de plastron.		
bur	10015	niryUha	encyclopedic	desc_tok=24_char=155	niryūha m. extrait, décoction (?) . Aigrette, guirlande, ornement de tête. Console ou pendoir fixé contre un mur; console ou tablette de pigeonnier. Porte.		
bur	14043	rANkala	encyclopedic	desc_tok=4_char=17	rāṅkala m. épine.		
bur	15342	viqAla	encyclopedic	desc_tok=23_char=133	viḍāla m. chat. viḍālaka m. chat. Collyre pour les yeux malades. -- N. orpiment jaune. viḍālapada m. poids de 16 māṣas ou d'un karṣa.		
bur	13824	yiyasizAmi	encyclopedic	desc_tok=5_char=23	yiyasiṣāmi dés. de yas.		
bur	17226	zoqaSan	encyclopedic	desc_tok=35_char=199	ṣoḍaśan a. (ṣaṣ; daśan) seize; lat. sedecim. ṣoḍaśāṅghri m. (aṅghri) crabe. ṣoḍaśārcis m. (arcis) la planète Vénus. ṣoḍaśāvarta m. (ā; vṛt) conque [à 16 spires]. ṣoḍaśāṃśu m. (aṃśu) la planète Vénus.		
bur	1043.1	aBAva	residual	crossref	Lbody=1043		
cae	22115	bila	synonym	syn_list_n=4	n. cleft, hollow, cavern, den.		
cae	10359	caraRyu	synonym	syn_list_n=2	a. moving, movable.		
cae	7554	kAmyA	synonym	syn_list_n=3	f. wish, desire, striving after ( gen. or —˚).		
cae	20026	pOroBAgya	synonym	syn_list_n=2	n. envy, malevolence.		
cae	20839	prayARa	synonym	syn_list_n=7	n. setting out, starting, going forth; journey, march; onset, beginning.		
cae	38437	sTaRqila	synonym	syn_list_n=4	a. levelled piece of ground prepared for a sacrifice, place, spot, ground i.g.		
cae	35402	samidDi	synonym	syn_list_n=2	f. burning, flaming.		
cae	28913	vArimuc	synonym	syn_list_n=2	a. discharging water; m. cloud.		
cae	32919	SuzRa	equivalent	name_formula	m. N. of a demon slain by Indra.		
cae	33602	SvetASvatara	equivalent	name_formula	m. N. of a teacher, pl. his school.		
cae	39372	haridra	equivalent	name_formula	m. the yellow sandal tree; f. A turmeric, N. of a river.		
cae	6927	kaTaMjAtIyaka	equivalent	short_tok=4	a. of what kind?		
cae	24287	mahABoja	equivalent	name_formula	m. great prince, N. of a king.		
cae	18757	pARini	equivalent	name_formula	m. N. of a celebrated grammarian.		
cae	37438	subanDu	equivalent	name_formula	a. closely connected, related; m. a good friend, N. of a poet etc.		
cae	12310	tiniSa	equivalent	name_formula	m. N. of a tree.		
cae	5137	Izatkara	encyclopedic	desc_tok=5_char=19	a. easy to be done.		
cae	3521	aSman	encyclopedic	desc_tok=2_char=9	m. eater.		
cae	3358	avivikta	encyclopedic	desc_tok=2_char=19	a. undiscriminated.		
cae	26690	rasAntaravid	encyclopedic	desc_tok=5_char=32	a. knowing the different tastes.		
cae	36227	sahanIya	encyclopedic	desc_tok=6_char=29	a. to be endured or pardoned.		
cae	35789	sarovara	encyclopedic	desc_tok=4_char=20	n. a beautiful lake.		
cae	37071	suKopavizwa	encyclopedic	desc_tok=2_char=15	a. = suKAsIna .		
cae	5985	uBayaTA	encyclopedic	desc_tok=6_char=27	adv. in both ways or cases.		
cae	9987	Ganasamaya	residual	eqn_head	m. = GanakAla .		
cae	23493	maRibanDana	residual	eqn_head	n. = prec. , also string or ornament of pearls.		
cae	25512	mlit	residual	crossref	= mrit .		
cae	16356	nitambinI	residual	eqn_head	f. = nitambavatI .		
cae	19753	pUrvapeya	residual	eqn_head	n. = pUrvapAyya .		
cae	18397	parisyanda	residual	eqn_head	m. = parizyanda .		
cae	20453	pratiSruti	residual	eqn_head	f. = prec. ; echo, resonance.		
cae	25522	yaka	residual	crossref	= ya/ who, which.		
ccs	17322	BAmita	synonym	syn_list_n=2	grimmig, zornig.		
ccs	627	aDoBAga	synonym	syn_list_n=2	m. unterer Teil, Unterleib.		
ccs	9546	dAtar	synonym	syn_list_n=10	u. dAta/r gebend (bes. zur Ehe) schenkend, abtretend, zahlend gewähnrend, mitteilend, lehrend, bewirkend, veranstaltend; m. Geber, Schenker.		
ccs	5204	kUwavAgurA	synonym	syn_list_n=2	f. Fallstrick, Schlinge*		
ccs	12242	nirGfRa	synonym	syn_list_n=4	mitleidlos, grausam; n. adv. Abstr. ˚tA f. , ˚tva n.		
ccs	19987	rakzitavya	synonym	syn_list_n=3	zu hüten, zu bewahren, zu schonen.		
ccs	27145	sahIyaMs	synonym	syn_list_n=2	(Compar.) gewaltiger, stärker.		
ccs	22253	vicitra	synonym	syn_list_n=7	mannigfaltig, bunt; seltsam, wunderbar, prächtig, schön; n. adv. Abstr. ˚tA f.		
ccs	957	anunAsika	equivalent	short_tok=1	nasal.		
ccs	6394	gokAma	equivalent	short_tok=2	Rinder begehrend.		
ccs	12404	nirvfkza	equivalent	short_tok=1	baumlos.		
ccs	13105	paWitasidDa	equivalent	short_tok=4	schon beim Hersagen wirksam.		
ccs	15256	pratawa	equivalent	short_tok=3	ein hohes Ufer.		
ccs	27885	suputra	equivalent	short_tok=4	treffliche Söhne habend.		
ccs	21272	vanacaravftti	equivalent	short_tok=5	wie ein Wäldler lebend.*		
ccs	23761	vyasi	equivalent	short_tok=2	ohne Schwert.		
ccs	7431	janmAntara	encyclopedic	desc_tok=10_char=68	n. ein anderes (vergangenes o. zukünftiges) Leben. ˚gata neugeboren.		
ccs	7430	janmasTAna	encyclopedic	desc_tok=2_char=8	n. dass.		
ccs	5485	kOlUta	encyclopedic	desc_tok=3_char=17	m. pl. Volksname.		
ccs	15067	pOrta	encyclopedic	desc_tok=6_char=39	mit karman n. ein verdienstliches Werk.		
ccs	14527	putrin	encyclopedic	desc_tok=3_char=20	f. ˚RI = putravant .		
ccs	28422	somamada	encyclopedic	desc_tok=2_char=14	m. Somarausch.		
ccs	28223	suhfttA	encyclopedic	desc_tok=4_char=27	f. , ˚ttva n. Freundschaft.		
ccs	8970	trAyati	encyclopedic	desc_tok=4_char=20	das Verbum trA (g.).		
ccs	25009	SElatanayA	residual	eqn_head	f. = SElakanyA .		
ccs	24734	SItasaMsparSa	residual	crossref	= SItalasparSa .		
ccs	612	aDIk	residual	crossref	= aDi +i (g.)		
ccs	12221	nirupaplava	residual	crossref	= nirupadrava .		
ccs	25780	saMgamamaRi	residual	eqn_head	m. = vor. m.		
ccs	26249	saptadvIpavant	residual	crossref	= vor. Adj.; f. ˚vatI = vor. f.		
ccs	28011	suracApa	residual	eqn_head	m. = surAkArmuka .		
ccs	19558	yaTArTita	residual	crossref	= yaTAByarTita .		
gra	3139	GAsi	synonym	syn_list_n=3	m. , Futter, Speise [von ghas]. -ím 162,14 (jaghā́sa).		
gra	2273	e	synonym	syn_list_n=6	Deutestamm [verwandt mit den Stämmen a, i] von hinweisender Bedeutung, enthalten in éka, etá, ená, evá.		
gra	6502	maGavat	synonym	syn_list_n=4	a. , Nebenform von maghávan ( s. d. ) in den Formen. -an, -adbhis, -adbhyas, -attama.		
gra	6675.1	mar	synonym	syn_list_n=6	schimmern, funkeln [ gr. μαρμαίρω , vgl. Ku. Zeitschr. 〔16,161 fg.〕 ]; davon marút, márīci.		
gra	5395	paScAddaGvan	synonym	syn_list_n=3	a. , zurückbleibend, zu kurz kommend [von paścā́t und daghvan von dagh], enthalten in ápaścāddaghvan.		
gra	6081	priyasa	synonym	syn_list_n=3	a. , erwünschtes gebend, mit Acc. -ā́sas priyā́ 809,38 .		
gra	7246	raRyajit	synonym	syn_list_n=4	a. , erfreuliches [ráṇya] erbeutend [jít von ji]. -ít (sómas) 771,1 neben gojít, aśvajít, viśvajít.		
gra	9973	suvipra	synonym	syn_list_n=3	a. , ernstlich betend, Beter . -as utá śáṇstā 〰 162,5 .		
gra	11296	i	equivalent	short_tok=1	197,2.b: 226,3		
gra	11067	izaRay	equivalent	short_tok=3	226,1: iṣaṇay st. isaṇay		
gra	12301	kzumat	equivalent	short_tok=3	-ántam vā́jam 195,8 .		
gra	12508	raRvasaMdfS	equivalent	short_tok=2	-ṛ́k 295,5 ; 517,21 .		
gra	11199	rap	equivalent	short_tok=1	1146,2: 174,7 st. 174,6		
gra	12699	stotf	equivalent	short_tok=1	-ré 669,6 ; 732,7 ; 733,2 ; 752,5 ; 757,6 ; 774,30 ; 778,27 ; 779,19 ; 784,8 ; 809,6 ; 982,5 .		
gra	11119	tanti	equivalent	short_tok=3	521,2: -áyas st. -ayas		
gra	11196	yuvAku	equivalent	short_tok=4	1124,5: yuvā́ku st. yuvākú		
gra	4690	DArAvara	encyclopedic	desc_tok=12_char=75	a. , Regengüsse [ 1. dhārā] liebend [vará lieb]. -ā́s [ m. ] 225,1 marútas.		
gra	10677	hiraRyaparRa	encyclopedic	desc_tok=9_char=62	a. , goldene Federn [parṇá] habend . -ās haṃsā́sas vām 341,4 .		
gra	3467	jA	encyclopedic	desc_tok=41_char=280	a. , m. , f. [von jan], 1〉 a. , geboren, geartet, in Zusammensetzungen apsu-jā́ u. s. w. ; 2〉 m. , f. , Kind; 3〉 f. , Geschöpf, Wesen . -ā́s [ N. s. ] 2〉 sū́ryasya 805,1 . -ā́m 2〉 pitúr 801,2 ; 829,2 . -ā́s [ A. p. ] 2〉 143,8 (nas). — 3〉 48		
gra	2419	kaparda	encyclopedic	desc_tok=31_char=199	m. , eine gewundene kleine Muschel, dann die in Form einer solchen aufgewundene Haarflechte, in der letzten Bedeutung enthalten in cátuṣkaparda, dakṣiṇatás-kaparda, und zu Grunde liegend in kapardín.		
gra	2591	kutra	encyclopedic	desc_tok=16_char=103	[vom Stamme kú], 1〉 wo? wohin? 2〉 kútrā cid, wo es auch sei: 361,2 ; 444,3 ; wohin es auch sei: 585,2 .		
gra	5443	pArayizRu	encyclopedic	desc_tok=12_char=79	a. , hinübertragend, rettend [ v. par Caus. ]. -úas [ N. pl. f. ] áśvās 923,3 .		
gra	12515	rA	encyclopedic	desc_tok=9_char=61	9〉 auch ohne Dat. ; Aor. rā́sa: -at 3〉 379,1 ; vā́jān 491,6 .		
gra	11204	rE	encyclopedic	desc_tok=6_char=26	1184,10.b: śíkṣa st. cíkṣa		
gra	119.1	aGaaSva	residual	crossref	Lbody=119		
gra	10.1	aMsia	residual	crossref	Lbody=10		
gra	484.1	anindia	residual	crossref	Lbody=484		
gra	679.1	apIcia	residual	crossref	Lbody=679		
gra	12408	dakziRa	residual	citation_only	-ām 933,7 .		
gra	1700.1	idDaagni	residual	crossref	Lbody=1700		
gra	1742	indrAvat	residual	crossref	siehe índravat.		
gra	11325.1	tir	residual	crossref	Lbody=11325		
md	2268	aBivyakta	synonym	syn_list_n=5	abhi-vi‿akta, pp. √ añj: -m, ad. 🞄plainly; -vyakti, f. manifestation.		
md	2890	avidya	synonym	syn_list_n=5	a-vidya, a. uncultured; destitute 🞄of knowledge; ā, f. ignorance.		
md	6957	gAlana	synonym	syn_list_n=3	gālana, n. straining, clarifying.		
md	11892	pfkza	synonym	syn_list_n=6	pṛkṣ-á, a. spotted, dappled; or according 🞄to the commentators , furnished with 🞄nourishment; m. dappled horse; N. .		
md	18713	sanaSruta	synonym	syn_list_n=4	sána-śruta, pp. long known, famed 🞄of old ( RV. ); m. N. ( Br. ).		
md	8370	tanUnapAt	synonym	syn_list_n=6	tánū-nápāt, m. son of himself, ep. 🞄 of Agni; fire; -naptṛ, m. id. .		
md	8480	tavIyas	synonym	syn_list_n=3	táv-īyas, tavyas táv-yas, cpv. of tavas.		
md	4644	unmeza	synonym	syn_list_n=5	un-meṣa, m. opening the eyes; quivering 🞄( of lightining ); opening ( of a bud ); appearance.		
md	17633	SalAtura	equivalent	name_formula	śalātura, N. of Pāṇiniʼs birthplace .		
md	18321	SroRa	equivalent	name_formula	śroṇá, a. lame ( RV. ): ā́, f. N. of the 🞄20th (21st) lunar asterism (= śravaṇā; V. , P. ).		
md	8181	jyotsnikA	equivalent	name_formula	jyotsn-ikā, f. N. of a singer .		
md	6617	kzemendra	equivalent	name_formula	kṣema‿indra, m. N. of several authors .		
md	15548	lahara	equivalent	name_formula	lahara, m. N. of a people ( pl. ); N. of 🞄a province in Cashmere ( now Lahal).		
md	14486	meDAtiTi	equivalent	name_formula	médha‿atithi, m. N. of a seer ; N. 🞄 of a commentator on Manu .		
md	16173	vAkovAkya	equivalent	name_formula	vāko-vākyâ, n. dialogue; N. of 🞄certain portions of Vedic tradition .		
md	16152	vasvOkasArA	equivalent	name_formula	vasu‿auka-sārā, f. N. of the 🞄city of Kubera.		
md	13384	Bedaka	encyclopedic	desc_tok=65_char=528	bheda-ka, a. breaking, — into or 🞄through, piercing; breaking down the dam 🞄of ( tanks ), diverting ( water-courses ); destroying 🞄( boundary-marks ); leading astray ( ministers ); 🞄discriminating, distinguishing; differentiating, 🞄determin		
md	555	aRyanta	encyclopedic	desc_tok=12_char=55	a-ṇi‿anta, a. not ending in the cs. 🞄 suffix i (= aya).		
md	2157	abDi	encyclopedic	desc_tok=21_char=116	ab-dhi, m. sea; -kanyā, f. Lakṣmī; 🞄 -jīvin, m. fisherman; -tanaya, m. du. the 🞄Aśvins; -tala, n. bottom of the sea.		
md	7650	cUqa	encyclopedic	desc_tok=39_char=232	cū́ḍa, m. ridge ( on bricks ); ceremony 🞄of tonsure ( performed on children ); ā, f. 🞄hair on the crown; tuft of hair left on the 🞄crown after the ceremony of tonsure ; ceremony 🞄of tonsure; crest, summit; a-ka, —˚ = 🞄cūḍā, tonsure.		
md	5043	fRa	encyclopedic	desc_tok=45_char=241	ṛ-ṇá, ( pp. ) a. guilty; n. obligation, 🞄debt; -ṃ dhāraya, owe ( ac. ) to ( g. ); -ṃ kṛ, 🞄borrow from ( ab. ); — pra-yam, — nī, — saṃ-nī, 🞄pay off a debt; -dā, id. ; lend to ( lc. ); — pra‿āp, 🞄incur a debt; — mṛgaya or yāc, ask for a 🞄loan		
md	7843	jana	encyclopedic	desc_tok=30_char=183	ján-a, m. creature; man; person; race, 🞄tribe; people, subjects; folks, -kind ( often 🞄 —˚ with coll. mg. ); low person; this person; 🞄 ayaṃ-, eṣa-, or asau-, = we, I, my lover 🞄here.		
md	19402	siD	encyclopedic	desc_tok=104_char=727	2. SIDH, Ⅳ. P. ( Ā. ) sidhya, V. , C. : 🞄be accomplished or fulfilled, succeed 🞄( ord. mg. ); C. : hit a mark ( lc. ); be valid or 🞄admissible; be cured ( rare ); result, follow, 🞄be proved or established; yield, to ( any one , 🞄 g. ); atta		
md	14663	yati	encyclopedic	desc_tok=11_char=45	1. yá-ti, a. pl. ( nm. ac. yáti ) as many as.		
mw	76081	Cupa	synonym	syn_list_n=3	air, wind, L.		
mw	263998	heti	synonym	syn_list_n=2	of an Asura , BhP.		
mw	45506	karmAra	synonym	syn_list_n=10	a blacksmith &c., RV. x, 72, 2 ; AV. iii, 5, 6 ; VS. ; Mn. iv, 215 &c.		
mw	59933	kzudrajAtIPala	synonym	syn_list_n=2	n. a kind of Myrobalan , L.		
mw	168455	mocayitf	synonym	syn_list_n=4	mfn. freeing, releasing, Kull. on Mn. viii, 342.		
mw	137884	prasAdana	synonym	syn_list_n=2	boiled rice, L.		
mw	36359	upasTAna	synonym	syn_list_n=5	staying upon or at, abiding, a place of abiding, abode, Nir.		
mw	189871	vAksaMvara	synonym	syn_list_n=3	m. restraint of sp˚ , caution in speaking, Lalit. ( w.r. vAkya-vara ).		
mw	151882.1	BUtapUrvam	equivalent	short_tok=2	ind. , formerly		
mw	19924.4	aSvapati	equivalent	short_tok=10	of a king of Madras and father of SāvitrI , MBh.		
mw	146543	braDnaSva	equivalent	name_formula	m. N. of a prince, MBh. ( w.r. for braDnA Sva or vaDry-aSva ?)		
mw	56135	keSari	equivalent	name_formula	m. (= ˚rin ), N. of the father of Hanumat , R. iv, 33, 14		
mw	60122	kzupa	equivalent	name_formula	N. of a mountain westward from Dvārakā , ib. 8950 ( v.l. a-kzaya )		
mw	130113	prakarzaka	equivalent	name_formula	m. ‘harasser, disquieter’, N. of the god of love, L.		
mw	226574	saMSaya	equivalent	medium_flat_tok=14	(in Nyāya ) doubt about the point to be discussed (one of the 16 categories), IW. 64		
mw	250629	sussala	equivalent	name_formula	m. N. of a man ( cf. sOssala ), Rājat.		
mw	222346	SradDAjAqya	encyclopedic	desc_tok=10_char=49	n. blind or obstinate adherence to one's f˚ , MW.		
mw	16554	alaglam	encyclopedic	desc_tok=8_char=52	ind. unconnectedly in a stammering manner, ŚBr. iii.		
mw	45674	kalahaMsI	encyclopedic	desc_tok=10_char=54	f. the female of the Kala-haṃsa above, Ragh. viii, 58.		
mw	137000	pravidAraRa	encyclopedic	desc_tok=8_char=45	n. ( fr. Caus. ) causing to burst asunder, L.		
mw	238407	sarvaDurIRa	encyclopedic	desc_tok=11_char=60	mfn. fit for any kind of carriage or draught, Pāṇ. iv, 4, 78		
mw	84322	tArakAdi	encyclopedic	desc_tok=8_char=59	( ˚kA d˚ ), a Gaṇa of Pāṇ. ( v, 2, 36 ; Gaṇar. 388 - 391 ).		
mw	191638	vAraRa	encyclopedic	desc_tok=13_char=88	shy, wild, RV. ; AV. (with mfga accord. to some = elephant, RV. viii, 33, 8 ; x, 40, 4 )		
mw	185626	vaDarya	encyclopedic	desc_tok=21_char=113	Nom. P. ˚ya/ti , to hurl a thunderbolt (only f. of pr. p. vaDarya/ntI , ‘casting a bolt’, prob. = lightning), RV.		
mw	214253	SavadAhin	residual	crossref	Lbody=214252		
mw	220780	SfDu	residual	crossref	= budDi , L.		
mw	8503	annadAyin	residual	eqn_head	mfn. = -da above.		
mw	18698	aviGnA	residual	eqn_head	f. = a-vigna , q.v.		
mw	77933	jalanIlikA	residual	eqn_head	f. = -kuntala , L.		
mw	114749.1	patatprakarzatA	residual	grammar_only	f.		
mw	132231	pratigraha	residual	crossref	= kriyA-kAra , L.		
mw	134392	pratyupakriyA	residual	eqn_head	f. = ˚upakAra , Kād. ; Rājat. ; Kathās.		
pw	54636	DarADava	synonym	syn_list_n=3	m. Fürst, König RĀJAT. 7,337 .		
pw	110577	SaraDi	synonym	syn_list_n=2	m. Pfeilbehälter, Köcher .		
pw	115185	SrIbappa	synonym	syn_list_n=3	m. desgl. Ind. Antiq. 5,212. 6,21 . Vgl. SrIbabba .		
pw	216308	kftakzaRa	synonym	syn_list_n=4	II. Am Ende eines Comp. bereit zu, sich machend an JĀTAKAM. 31,58 . beschäftigt mit, erfüllt von ebend.		
pw	82809	manasin	synonym	syn_list_n=2	Adj. Sinn —, Geist habend .		
pw	63038	pannagaBojana	synonym	syn_list_n=3	m. Schlangeverspeiser, Bein. Garuḍa ʼs 52,21 .		
pw	123698	sAtvatasaMhitA	synonym	syn_list_n=2	f. Titel eines Werkes BURNELL, T. OPP. CAT. 1 .		
pw	122895	sahanIya	synonym	syn_list_n=3	Adj. geduldig zu ertragen, zu verzeihen, [Page7-100-b] nachzusehen .		
pw	22789	Oqra	equivalent	name_formula	m. Pl. N. pr. eines Volkes, = oqra MBH. 6,365 . oMqrAH MBH. ed. Bomb.		
pw	111707	SArIwaka	equivalent	name_formula	m. N. pr. eines Dorfes.		
pw	109421	Sakradeva	equivalent	name_formula	m. N. pr. eines Fürsten .		
pw	113567	SuBacandra	equivalent	name_formula	m. N. pr. eines Prākrit -Grammatikers Ind. St. 14,307 .		
pw	10012	aligu	equivalent	name_formula	m. N. pr. eines Mannes.		
pw	34186	gaRakumAra	equivalent	name_formula	m. N. pr. eines Mannes.		
pw	204460	kutapasOSruta	equivalent	short_tok=2	, lies SAkapArTivAdi .		
pw	91538	yonisaMvaraRa	equivalent	short_tok=6	contraction or closure of the vagina .		
pw	16175	ASuheman	encyclopedic	desc_tok=6_char=55	Adj. — 1〉 rasch hineilend . — 2〉 die Rosse antreibend .		
pw	75415	PalAmla	encyclopedic	desc_tok=7_char=72	— 1〉 m. Rumex vesicarius RĀJAN. 6,129 . — 2〉 n. Tamarinde RĀJAN. 6,126 .		
pw	110089	SatrubADana	encyclopedic	desc_tok=4_char=24	Adj. Feinde bekämpfend .		
pw	5413	antastoya	encyclopedic	desc_tok=3_char=21	Adj. Wasser bergend .		
pw	28513	kutastarAm	encyclopedic	desc_tok=6_char=39	Adv. wie? auf welche Weise? KAP. 1,80 .		
pw	74923	pretaprasADana	encyclopedic	desc_tok=6_char=40	n. das Ausschmücken eines Verstorbenen .		
pw	129059	sUryAvid	encyclopedic	desc_tok=6_char=45	Adj. das Sūrya - Lied ( ṚV. 10,85 ) kennend .		
pw	47186	tyaktAtman	encyclopedic	desc_tok=7_char=41	Adj. der an sich selbst verzweifelt GAUT.		
pw	214445.1	AsaktivAda	residual	crossref	Lbody=214445		
pw	212182	aBicCAyA	residual	empty_sense_num	4.		
pw	212016	apratyutTAyika	residual	citation_only	I. 2.		
pw	54159	dvisaMDi	residual	eqn_head	Adj. = dvizaMDi .		
pw	36450.1	gokzveqa	residual	crossref	Lbody=36450		
pw	17413.1	ihapaYcamI	residual	crossref	Lbody=17413		
pw	87626.1	mumukzutva	residual	crossref	Lbody=87626		
pw	215054	upanAgaraka	residual	empty_sense_num	3.		
pwg	66460	Anana	synonym	syn_list_n=7	, AnanAnta Mundwinkel BHĀG. P. 10,12,17 . — Vgl. caturAnana, daSAnana, mahAnana, suhasAnana .		
pwg	80144	BAwi	synonym	syn_list_n=4	Hurenlohn KATHĀS. 61,171. fg. 175 . 93,34. fg. 124,178. fg.		
pwg	64039	apakarzin	synonym	syn_list_n=2	adj. noch sich schleppend, — ziehend : lANgalApa˚ (gavendra) Spr. 870 .		
pwg	31843	daD	synonym	syn_list_n=9	, da/Date halten; geben ; reduplic. Nebenform von DA DHĀTUP. 2,7 . — intens. 2. imperat. dAdadDi P. 8,2,37 , Sch.		
pwg	38756	nigala	synonym	syn_list_n=3	m.n. SIDDH. K. 250,b. 8 . = nigaqa H. 1229 , Sch.		
pwg	45098	piC	synonym	syn_list_n=8	, picCa/yati Spalten zertheilen DHĀTUP. 32,40 ; vgl. picc, piC, picCa/ti v. l. für miC DHĀTUP. 28,16 .		
pwg	120199	tvacAyani	synonym	syn_list_n=3	m. patron. ebend. 4,51,a .		
pwg	95603	vEkArya	synonym	syn_list_n=4	(von 1. vikAra ) n. Umgestaltung, Umwandelung, Veränderung MBH. 5,4891 . a˚ ŚĀṆḌ. 37 .		
pwg	36449	Darmottara	equivalent	name_formula	( Darma + uttara ) m. N. pr. eines buddh. Gelehrten VYUTP. 90 . WASSILJEW 230 . 223 . 253 . 290 . ˚rIyAH pl. seine Schüler 230 .		
pwg	73526	candrakuRqa	equivalent	name_formula	m. N. pr. eines Teiches in Kāmarūpa KĀLIKĀ-P. _im_ ŚKDR.		
pwg	15864	kaviputra	equivalent	name_formula	( kavi + putra ) m. N. pr. eines dramatischen Schriftstellers MĀLAV. 3,12 .		
pwg	71636	kowilakzAkzI	equivalent	name_formula	f. N. pr. einer Göttin WILSON, Sel. Works 2,12. fg. ( ˚kzi gedr. ).		
pwg	106759	sarvajYadeva	equivalent	name_formula	m. N. pr. eines Gelehrten TĀRAN. 226 .		
pwg	29914	tukka	equivalent	name_formula	m. N. pr. eines Mannes RĀJA-TAR. 7,220 . 8,1022 .		
pwg	30208	tuzwimant	equivalent	name_formula	(von tuzwi ) m. N. pr. eines Fürsten, eines Sohnes des Ugrasena , VP. 436 . BHĀG. P. 9,24,23 .		
pwg	82140	yugapa	equivalent	name_formula	( yuga + 2. pa ) m. N. pr. eines Gandharva MBH. 1,4812 . HARIV. 14157 .		
pwg	36023	Danadatta	encyclopedic	desc_tok=19_char=139	( Dana + datta ) m. N. pr. verschiedener Männer (Kaufleute) MṚCCH. 142,19 . KATHĀS. 13,54 . VET. _in_ Verz. d. Oxf. H. 152,b,30 . 153,a,1 .		
pwg	58459	mahAYji	encyclopedic	desc_tok=5_char=48	( mahA + 1. aYji ) adj. breitgefleckt VS. 24,4 .		
pwg	61052	mumUrzu	encyclopedic	desc_tok=30_char=389	(wie eben) adj. zu sterben verlangend, im Begriff stehend zu sterben, moribundus MBH. 1,953 . 1800 . 2,2095 . 3,14769 . 15699 . 5,2117 . 6,5673 . 14,2255 . R. 6,16,62 . SUŚR. 1,102,18 . 103,13 . KATHĀS. 15,14 . 17,78 . 29,157 . 69,126 . 73,		
pwg	48741	pratihrAsa	encyclopedic	desc_tok=11_char=67	(von hras mit prati ) m. Kürzung LĀṬY. 9,5,5 . ŚĀṄKH. ŚR. 16,20,9 .		
pwg	106338	saMmuKIBU	encyclopedic	desc_tok=13_char=102	( 2. saMmuKa + 1. BU ) sich gegenüber —, sich entgegen stellen : ˚BUya yuDyamAnAH KULL. _zu_ M. 7,89 .		
pwg	104338	sadArjava	encyclopedic	desc_tok=7_char=49	( sadA + A˚ ) adj. stets redlich Spr. (II) 7510 .		
pwg	113605	stamBakara	encyclopedic	desc_tok=14_char=89	1〉 adj. etwa hemmend in puRya˚ . — 2〉 m. a fence, a railing, etc. WILSON nach ŚABDĀRTHAK.		
pwg	115182	svaraBErava	encyclopedic	desc_tok=8_char=49	Titel eines Werkes Verz. d. Cambr. H. 69, Śl. 5 .		
pwg	8368	AtreyikA	residual	eqn_head	f. = AtreyI 3,b. HALĀY. _im_ ŚKDR.		
pwg	67371	Ikzaka	residual	citation_only	GOBH. 2,2,13 .		
pwg	256	akzIka	residual	eqn_head	m. = akzika RATNAM. _im_ ŚKDR.		
pwg	64202	apaharaRa	residual	citation_only	DAŚAK. 180,21 .		
pwg	63011	ativfdDi	residual	crossref	= aBizyanda H. an. 4,136 . MED. d. 43 .		
pwg	64930	ayAtayAmatva	residual	eqn_head	n. = ayAtayAmatA TS. 2,3,6,2 .		
pwg	74523	jYAtra	residual	citation_only	TS. 7,2,4,2 .		
pwg	14868	kapicUqA	residual	eqn_head	f. = kapicUta RĀJAN. _im_ ŚKDR.		
sch	7243	ArAdupakArin	synonym	syn_list_n=6	, Nom. abst. ˚ritva n. Komm. zu Āpast. Śr. 14,5,6. part=,seq=7344,type=,n=2		
sch	20768	Bezaja	synonym	syn_list_n=7	n. *Wasser, S II,215,3 v.u. (Ko.). part=,seq=21053,type=,n=1		
sch	16031	DaraRa	synonym	syn_list_n=4	2. f) zu streichen nach Zach. Beitr. part=,seq=16274,type=,n=2		
sch	24925	SAMSipa	synonym	syn_list_n=7	Adj. von śiṃśipā , S II,70,11 v.u. (Ko.) part=,seq=25265,type=˚,n=2		
sch	27761	aDivAsacUrRaka	synonym	syn_list_n=6	sehr wohlriechender Puder, Padyac. V,41 c in ˚bhramam = adhivāsānām adhikavāsanāyutānāṃ cūrṇānāṃ bhramam . part=N,seq=28132,type=˚,n=4		
sch	18312	pAdanaKa	synonym	syn_list_n=4	n. ˚Sporn (beim Hahne) Śṛṅgt. 144 c . part=,seq=18576,type=˚,n=2		
sch	23833	vidyAvaDU	synonym	syn_list_n=7	˚ = vidyādharī , S I,593,5. part=,seq=24165,type=,n=1		
sch	22201	yAc	synonym	syn_list_n=7	+ anu , ˚zurückverlangen, Sam. IV,53. part=,seq=22506,type=,n=2		
sch	20444	Badrados	equivalent	name_formula	m. N. pr. eines Mannes, Bhadrab. 4,174. part=,seq=20725,type=,n=2		
sch	10114.1	kalikA	equivalent	name_formula	8. N. pr. einer Zofe, Ind. Str. 1,386. part=,seq=10257,type=,n=2		
sch	9528	kawABa	equivalent	name_formula	m. N. pr. eines daitya, Hariv. 3 ,40,13. Ghaṭābha v.l. part=,seq=9657,type=,n=2		
sch	11126	kftajYaSIla	equivalent	name_formula	m. N. pr. eines Prakrit-Dichters, Hāla 83. part=,seq=11294,type=,n=2		
sch	16351	nandanaBawwAcArya	equivalent	name_formula	m. N. pr. eines Autors, Einl. zu Śāśvata XI, N. 2. part=,seq=16599,type=,n=2		
sch	19089	prajYAcandra	equivalent	name_formula	m. N. pr. eines buddh. Gelehrten, M. Müller, Ren. 312. part=,seq=19360,type=*,n=2		
sch	26855	suSarmanagara	equivalent	name_formula	n. und Suśarmapura n. N. pr. einer Stadt, Festgr. 16. part=,seq=27214,type=,n=2		
sch	24152	viSezaka	equivalent	name_formula	m. N. pr. eines Landes, Damayantīk. 21. part=,seq=24486,type=,n=2		
sch	1600	adozatA	encyclopedic	desc_tok=10_char=89	das Nichtfehlersein, Sāh. D. 603. — Fehlerlosigkeit, Naiṣ. 3,97. part=,seq=1626,type=,n=2		
sch	13942	jIvadvatsA	encyclopedic	desc_tok=11_char=58	Adj. f. deren Kind am Leben ist. part=,seq=14165,type=,n=2		
sch	10570	kASISvara	encyclopedic	desc_tok=24_char=143	1. m. a) Gebieter von Benares. — b) N. pr. eines Grammatikers. — 2. f. ī wohl Titel einer von K. verfaßten Grammatik. part=,seq=10726,type=,n=4		
sch	21700	mIQvaMs	encyclopedic	desc_tok=14_char=93	3.] f. mīḍhuṣī Bein. der Devī, Gattin des Īśāna, Āpast. Gṛhy. 20,2. part=,seq=21999,type=,n=3		
sch	20955	maRqalISa	encyclopedic	desc_tok=23_char=151	oder ˚leśa m. Herr der Ringe und zugleich: Beherrscher eines Landes, Rudraṭa, Śṛṅgārat. 1,159 nach der Lesart nūpura˚valita . part=,seq=21246,type=,n=4		
sch	18956	powana	encyclopedic	desc_tok=34_char=234	n. Zusammenlegen, S I,94,4 v.u. (Ko.; in pravālapoṭana = pallavapuṭa ); 175,10 v.u. (Ko.; = nyāsa ); 476,8 v.u. (Ko. in karapoṭana = praṇāmāñjali ); II,175,7 v.u. (Ko. in karapoṭakam ; verdruckt für ˚naṃ? ). part=,seq=19225,type=˚,n=6		
sch	19134	pratikiri	encyclopedic	desc_tok=15_char=97	Adv. auf das Wildschwein (einen Pfeil abschießen), Prabandh. 56,4 v.u. part=,seq=19406,type=˚,n=3		
sch	26454	sAraNgikA	encyclopedic	desc_tok=13_char=75	N. der Tochter eines Brahmanen, Śṛṅgt. 13,4 v.u. part=,seq=26809,type=˚,n=2		
sch	4664	ayugmavilocana	residual	eqn_head	m. = Śiva, Śrīk. 10,52. part=,seq=4724,type=˚,n=2		
sch	20208	bAhunartana	residual	eqn_head	n. = tāṇḍava , S I,47,16 (Ko.). part=,seq=20488,type=˚,n=2		
sch	15861	dvayesTita	residual	crossref	= daivapauruṣayoḥ sthita , S I,473,5. part=,seq=16103,type=˚,n=2		
sch	15802	dyUdyAna	residual	eqn_head	n. = dyaur evodyānam , Sūryaś. 79 a . part=,seq=16044,type=˚,n=2		
sch	28705	janiBft	residual	eqn_head	m. = prāṇin , Viṣṇubh. II,41 b . part=N,seq=29076,type=˚,n=1		
sch	9743	kapipravIra	residual	eqn_head	m. = Hanumat, Yudh. 7,41. part=,seq=9875,type=˚,n=2		
sch	17528	paYcaSarAntaka	residual	eqn_head	m. = Śiva, Śrīk. XX,49. part=,seq=17784,type=˚,n=2		
sch	19635	prasADayitf	residual	eqn_head	m. = sādhaka und alaṃkartar , S I,209,6. part=,seq=19910,type=˚,n=2		
skd	3892	ASriH	synonym	syn_list_n=2	, strI, (aSrireva . aSri + iY .) aSriH . koRaH ..		
skd	3797	AleKyaSezaH	synonym	syn_list_n=3	, tri, (AleKyaM citrameva Sezo yasya saH .) mftaH . iti hemacandraH .. (yaTA raGuvaMSe, 14 . 15 . “vAzpAyamARo balimanniketa- mAleKyaSezasya piturvviveSa” .)		
skd	25243	BUtANkuSaH	synonym	paryaya_signal	, puM, (BUtAnAmaNkuSa iva nivArakatvAt .) svanAmaKyAtavfkzaH . tatparyyAyaH . kzavakaH 2 kzurakaH 3 tIkzRaH 4 kraraH 5 kzavaH 6 rAjo- dvedanasaMjYaH 7 BUtadrAvI 8 grahAhvayaH 9 . Qyasya guRAH . tIvraganDatvam . utkawatvam . uzRatvam kawutva		
skd	1263	antarvvARiH	synonym	syn_list_n=3	, tri, (antaH antaHkaraRe vARI SAstra- vihitA vAk yasya saH, hrasvaH .) SAstravit . SAstrajYaH . ityamaraH ..		
skd	25817	matiBramaH	synonym	paryaya_signal	, puM, (materbudDerBramaH .) budDiBraMSaH . (“asTAna evAsya matiBramaH .” iti pAtaYjala- yogasUtraBAzye vedavyAsaH .) tatparyyAyaH . mramaH 2 miTyAmatiH 3 BrAntiH 4 . iti SabdaratnA- valI ..		
skd	39648	suradAru	synonym	syn_list_n=3	, klI, (surapriyaM dAru .) devadAru . iti ratnamAlA .. (yaTA, BAgavate . 8 . 2 . 13 . “picumarddEH kovidArEH saralE suradAruBiH ..”)		
skd	31115	vandAkI	synonym	syn_list_n=2	, strI, vandA . iti SabdaratnAvalI ..		
skd	14033	wagaraH	synonym	paryaya_signal	, puM, (waH waNkaRaH kzAraviSezaH gara iva . tIvraguRatvAttaTAtvam .) waNkaRakzAraH . helA- viBramagocaraH . kekarAkze, tri . iti medinI . re, 160 ..		
skd	32946	viBrAw	equivalent	short_tok=9	, [j] tri, (viSezeRa BrAjate iti . vi + BrAj + “anyeByo'pi		
skd	25475	BogaBUmiH	encyclopedic	desc_tok=22_char=207	, strI, (BogArTEva BUmiH .) suKa- sTAnam . BAratavarzAtiriktavarzam . yaTA, -- “tatrApi BArataM SrezWaM jambudbIpe mahAmune . yato hi karmmaBUrezA tato'nyA BogaBUmayaH ..” iti vizRupurARe 2 aMSe 3 aDyAyaH ..		
skd	35108	SalalaM	encyclopedic	desc_tok=7_char=74	, klI, (Sala calanasaMvaraRayoH + vfSAditvAt kalaH .) Salam . ityamaraH ..		
skd	20	aMSuhastaH	encyclopedic	desc_tok=8_char=63	, puM, (aMSureva hastaH yasya saH .) sUryyaH . iti jawADaraH ..		
skd	1616	abjahastaH	encyclopedic	desc_tok=9_char=68	, puM, (abjaM padyaM haste yasya saH .) sUryyaH . iti hemacandraH ..		
skd	11595	grAmajanizpAvI	encyclopedic	desc_tok=15_char=130	, strI, (grAme grAmasannikazE vA jAyate iti . jana + qaH . grAmajA nizpAvIti karmmaDArayaH .) naKanizpAvI . iti rAja- nirGaRwaH ..		
skd	6028	kaRAwIraH	encyclopedic	desc_tok=9_char=80	, puM, (kaRAya awati . kaRa + awa + Iran .) KaYjanapakzI . iti SabdaratnAvalI ..		
skd	26518	masikA	encyclopedic	desc_tok=8_char=72	, strI, SePAlikA . iti SabdaratnAvalI .. malikA iti granTAntare pAWaH ..		
skd	37356	saNkalanaM	encyclopedic	desc_tok=13_char=95	, klI, (saM + kala + lyuw .) ekatrIkara- Ram . yojanam . iti lIlAvatI .. Wika deoyA iti BAzA ..		
skd	33585.01	bIjaM	residual	crossref	Lbody=33585		
skd	33967.01	bfhadvAruRI	residual	crossref	Lbody=33967		
skd	32989.01	bimbikA	residual	crossref	Lbody=32989		
skd	32568.01	biqAlakaH	residual	crossref	Lbody=32568		
skd	16699.01	durdDaraH	residual	crossref	Lbody=16699		
skd	30378.01	lAbakaH	residual	crossref	Lbody=30378		
skd	24231.01	vARASrayaH	residual	crossref	Lbody=24231		
skd	24224.01	vARaliNgaM	residual	crossref	Lbody=24224		
vcp	635	acirAt	synonym	syn_list_n=2	avya0 aciram atatIti kvip . SIGre, avilambe ca .		
vcp	839	atawa	synonym	syn_list_n=3	pu0 tawyate Ahanyate'mBasA iti tawaM jalAGAtasTAnaM tannAsti yasya ba0 . (AqarIri) prasidDe AlambanasTAna- SUnye, “manoraTAnAmatawaprapAtAH” iti . parvvatAdyucca- sTAne, BUmeraDoBAge ca .		
vcp	5056	avaskandana	synonym	syn_list_n=3	na0 ava + skanda--lyuw . 1 sarvvANgeRAvagAhane, 2 avataraRe, 3 AkramaRe ca .		
vcp	21602	jvalana	synonym	syn_list_n=2	tri0 jvala--tAcCIlyAdO yuc . 1 dIptiSIle, 2 vahnO 3 citrakavfkze ca pu0 amaraH .		
vcp	12449	karzaPala	synonym	syn_list_n=2	pu0 karzaH tanmAtraM Palamasya . 1 viBItakavfkze, amaraH 2 AmalakyAm strI ratramAlA wAp .		
vcp	15177	kodaRqa	synonym	syn_list_n=3	na0 ku--Sabde vic kOHSabditodaRqo'sya . 1 Danuzi, “visPurjaccaRqa kodaRqaH” BAga0 3 . 21 . 51 . tattulyatvAt 2 BrUlatAyAM, 3 deSaBede ca . amaraH 4 DanUrASO ca .		
vcp	39896	rOhiReya	synonym	syn_list_n=3	pu0 rohiRyAM BavaH Qak . 1 buDagrahe, 2 balarAme, ca amaraH . 2 marakatamaRO ga0 rAjani0 4 govatse puMstrI medi0 5 SanEScare pu0 BagadEvataSavde 4631 pf0 dfSyam .		
vcp	9025	utsAraRa	synonym	syn_list_n=3	na0 ud + sf--Ric--lyuw . 1 dUrIkaraRe, 2 cAlane, 3 sTAnAntarakaraRe ca .		
vcp	36260	BargAyaRa	equivalent	short_tok=3	pu0 pravararziBede pravarADyAyaH .		
vcp	48185	hfdayasTAna	equivalent	short_tok=9	na0 hfdayasya manasaH sTAnam hfdayarUpaM vA sTAnam vakzaHsTale hemaca0 .		
vcp	13548	kAzWaSArivA	equivalent	short_tok=7	strI kAzWamiva SuzkA SArivA . (anantamUla) SarivABede rAjani0		
vcp	39951	laGulaya	equivalent	short_tok=8	na0 laGu SIGraM lIyate lI--ac . vIraRaBUla amaraH		
vcp	32401	puYjAtuka	equivalent	short_tok=3	pu0 vfkzaBede hArA0 .		
vcp	32610	puriSa	equivalent	short_tok=11	pu0 puri dehe Sete SI--ac aluk sa0 . jIve Sata0 brA0 145518		
vcp	21870	takrakUrcikA	equivalent	short_tok=5	strI 2167 pf0 kUrcikASabdokte takrajAte padArTe .		
vcp	41456	viqAlapadaka	equivalent	short_tok=6	na0 karzaparimARe BAvapra0 karzaSabde 1774 pf0 dfSyam .		
vcp	16285	KaYjanarata	encyclopedic	desc_tok=8_char=60	na0 KaYjanasyeva gopyaM ratam . yatInAM gopye mETune hArA0 .		
vcp	4909	avaBrawa	encyclopedic	desc_tok=14_char=112	tri0 avanatA nAsikA prA0 sa0 natArTe nAsikAyA- [Page0431-a+ 38] BrawAdeSaH astyarTe ac . avanatanAsike (KAMdA) .		
vcp	19890	cipiwa	encyclopedic	desc_tok=119_char=1104	pu0 ci--piwac kicca . (ciqA) KyAte pfTuke hemaca0 . tatkaraRaprakArAdi BAvapra0 uktaM yaTA “SAlayaH satuzA ArdrA BfzwA asPuwitAstataH . kuwwi- tAScipiwAH proktAste smftAH pfTukA api . SAlayo yavanAlAdyAScipiwA puzwivardDanAH” . asya BakzyAB		
vcp	17467	gAli	encyclopedic	desc_tok=17_char=135	pu0 cu0 gala--kzAraRa in . AkroSe SApe trikA0 . “dadatu dadatu gAliM gAlimantoBavanto vayamiha tada- BAvAdgAlidAne'pyaSaktAH” udBawaH .		
vcp	48200	hflleKa	encyclopedic	desc_tok=19_char=149	pu0 hfdayaM liKati smfSati siKa--a hfdAdeSaH . 1 jYAne rAjani0 . 2 tarke trizA0 . 3 tantrokte mantraBede ca . [Page5434-b+ 38] 4 Otsukye strI halA0 .		
vcp	37790	malinamuKa	encyclopedic	desc_tok=23_char=167	pu0 malinaM muKaM yasya 1 vahnO tasyAdO DUmAya mAnatvena kfzRatvAt 2 citrakavfkze ca . 3 vAnare puMstrI0 medi0 striyAM NIz 4 krUre 5 Kale ca tri0 medi0 6 prete hema0 .		
vcp	33202	pfzWamAMsAda	encyclopedic	desc_tok=24_char=240	tri0 pfzWe parokze mAMsAda iva . 1 parokze SaHWyena vAkyABiDAyini puruze dAzodGozake trikA0 . “kusftyA viBavAnvezItyataH kusfvyeti samAkarzAt bAkyA- BiDAne'nvaye taTArTatvam . pfzWamAMsAdanaSabde dfSyam . patvAdeH 2 pfzWamAMsaBakzake tri0 .		
vcp	10152	uSanasastoma	encyclopedic	desc_tok=50_char=444	pu0 uSanasaH stomo yatra aluksamA0 vA visargasya luk . ekAhasADye yAgaBede “uSanasastomena garagIrRRamivAtmAnaM manyamAno yajeta” A0 SrO0 9, 5, 1 . “uSanasastomonAma ekAhasADyaH punaH stoma iti cAsyEva saMjYA garovizaM gIrRo yena sa garagIr		
vcp	46048.1	SAlA	residual	crossref	Lbody=46048		
vcp	1298.1	aDipUruza	residual	crossref	Lbody=1298		
vcp	12679.1	kaSerU	residual	crossref	Lbody=12679		
vcp	14658	kftaDvaja	residual	fallback_tok=11	pu0 nfpaBede “kuSaDvajastasya putrastato DarmmaDvajo- nfpaH DarmmaDvajasya dvO patrO kftaDvajamftaDvajO” BAga0 9, 10, 13,		
vcp	33045.1	pUrbavftta	residual	crossref	Lbody=33045		
vcp	22221.1	tambA	residual	crossref	Lbody=22221		
vcp	35774.1	vfhadvat	residual	crossref	Lbody=35774		
vcp	35836.1	vrahmajYa	residual	crossref	Lbody=35836		
vei	204	Akuli	synonym	syn_list_n=3	— This mythical priest plays, together with Kirāta, a part in the later tale of Asamāti and the Gaupāyanas.		
vei	231	AtreyIputra	synonym	syn_list_n=5	is mentioned as a pupil of Gautamīputra in a Vaṃśa, or Genealogy, in the Bṛhadāraṇyaka Upaniṣad (vi. 5, 2, in both versions).		
vei	461	ElUza	synonym	syn_list_n=2	‘descendant of Ilūṣa,’ is the patronymic of Kavaṣa.		
vei	1487	anUrADAs	synonym	syn_list_n=5	or Anurādhā, ‘propitious,’ is β, δ , and π (perhaps also ρ ) Scorpionis.		
vei	764	kOzya	synonym	syn_list_n=2	‘descendant of Koṣa,’ is the patronymic of Suśravas.		
vei	2435	mARqavI	synonym	syn_list_n=5	‘female descendant of Maṇḍu,’ occurs in the name of a teacher, Vātsī-māṇḍavī-putra, in the Bṛhadāraṇyaka Upaniṣad (vi. 4, 30 Mādhyaṃdina).		
vei	2895	vArakya	synonym	syn_list_n=8	‘descendant of Varaka,’ is the patronymic, in the Jaiminīya Upaniṣad Brāhmaṇa, of Kaṃsa, Kubera, Janaśruta, Jayanta, and Proṣṭhapad.		
vei	241	ABipratAriRa	equivalent	short_tok=3	— Patronymic of Vṛddhadyumna.		
vei	259	Arkza	equivalent	short_tok=6	— Patronymic of Śrutarvan and of Āśvamedha.		
vei	229	AtiTigva	equivalent	short_tok=3	— Patronymic of Indrota.		
vei	416	Ula	equivalent	short_tok=5	is a variant of Ula.		
vei	223	awRAra	equivalent	short_tok=3	— Patronymic of Para.		
vei	745	kOpayeya	equivalent	short_tok=5	is the patronymic of Uccaiḥśravas.		
vei	2468	mAruta	equivalent	short_tok=11	‘descendant of Marut,’ is the patronymic of Dyutāna and of Nitāna.		
vei	2100	prozWapada	equivalent	name_formula	m., -padā, f. (‘foot of a bench’), is the name of a double Nakṣatra.		
vei	409	UrjayantOpamanyava	encyclopedic	desc_tok=15_char=104	is mentioned in the Vaṃśa Brāh- maṇa 1 as a pupil of Bhānumant Aupamanyava. 1) Indische Studien, 4, 372.		
vei	993	cyavana	encyclopedic	desc_tok=342_char=2315	1 Cyavāna, 2 are variant forms of the name of an ancient Ṛṣi, or seer. The Rigveda 3 represents him as an old decrepit man, to whom the Aśvins restored youth and strength, making him acceptable to his wife, and a husband of maidens. [Page1-		
vei	843	gayaplAta	encyclopedic	desc_tok=78_char=555	(‘son of Plati’) is referred to in the Rigveda, 1 two hymns of which he clearly claims to have composed, and which are attributed to him in the Sarvānukramaṇī and the [Page1-220+ 52] Aitareya Brāhmaṇa. 2 In the Atharvaveda 3 he appears with		
vei	1641	pajra	encyclopedic	desc_tok=133_char=896	is the name of the family from which Kakṣīvant sprang ( Pajriya ). It is mentioned several times in the Rigveda. 1 According to Pischel, 2 the epithet pṛkṣa-yāma 3 applied to them means ‘carrying out brilliant sacrificial performances,’ whi		
vei	3632	suSravas	encyclopedic	desc_tok=14_char=85	is the name of the father of Upagu Sauśravasa in the Pañcaviṃśa Brāhmaṇa (xiv. 6, 8).		
vei	1144	tArpya	encyclopedic	desc_tok=137_char=928	denotes, in the Atharvaveda 1 and later, 2 a garment made of some material, the nature of which is uncertain. The commentators on the Kātyāyana Śrauta Sūtra and the Śata- patha Brāhmaṇa 3 suggest that a linen garment, or one thrice soaked i		
vei	2984	viSvaka	encyclopedic	desc_tok=33_char=226	in the Rigveda 1 called Kṛṣṇiya (possibly ‘son of Kṛṣṇa ’) is a protégé of the Aśvins, who restored to him his lost son, Viṣṇāpu. See 2. Kṛṣṇa. 1) i. 116, 23; 117. 7; viii. 86, 1; x. 65, 12. Cf. Macdonell, Vedic Mythology, 52.		
vei	3100	vyaDvara	encyclopedic	desc_tok=110_char=757	‘perforating,’ designates a worm in one passage of the Atharvaveda, 1 where there seems to be no good reason to alter the reading to Vyadvara, though Whitney 2 thinks that it may rather be connected with vi-adhvan 3 than with the root vyadh		
vei	462	Ezakfta	residual	crossref	See Śitibāhu.		
vei	1254	daDyASir	residual	crossref	See Dadhi and Soma.		
vei	1070	jIvaja	residual	crossref	See Jarāyu.		
vei	1605	nf	residual	crossref	See Nara.		
vei	3584	sukaparda	residual	crossref	See Kaparda.		
vei	3768	svAtI	residual	crossref	See Nakṣatra.		
vei	3057	veSas	residual	crossref	See 1. Veśa.		
vei	2934	vijAmAtf	residual	crossref	See Jāmātṛ.		
wil	5125	AcAma	synonym	syn_list_n=4	m. ( -maH ) Sipping water, rincing the mouth. E. AN, cama to eat, affix Gaj .		
wil	4087	avivekin	synonym	syn_list_n=6	mfn. ( -kI-kinI-ki ) Ignorant, undiscriminating, defective in judgment, superficial, short sighted. E. aviveka as above, and ini aff.		
wil	18811	dAnu	synonym	syn_list_n=5	m. ( -nuH ) .²1 A donor, a giver. .²2 A victor, a conqueror. .²3 Prosperity. .²4 Air, wind. E. dA to give, Uṇādi affix nu .		
wil	16236	jApana	synonym	syn_list_n=7	n. ( -naM ) .²1 Declining, rejection, dissent. .²2 Dismissing, completing, finishing. E. japa to speak, causal form, lyuw aff.		
wil	12507	kzepizWa	synonym	syn_list_n=4	mfn. ( -zWaH-zWA-zWaM ) Very quick, quickest. E. kzipra quick, and izWan superlative affix, ra rejected.		
wil	32743	lajjyA	synonym	syn_list_n=3	f. ( -jjyA ) Modesty, bashfulness. E. lasja to be ashamed, ya aff.		
wil	42585	sUtta	synonym	syn_list_n=3	mfn. ( -ttaH-ttA-ttaM ) Well or entirely given. E. su , and datta given, form irr.		
wil	40841	samupoQa	synonym	syn_list_n=3	mfn. ( -QaH-QA-QaM ) Suppressed, restrained. E. sam and upa before vaha to bear, kta aff.		
wil	2500	aBicEdya	equivalent	name_formula	m. ( -dyaH ) A name of ŚIŚUPĀLA. E. aBi over, cEdya the people of Cedi .		
wil	8072	fzyaSfNga	equivalent	name_formula	m. ( -NgaH ) The name of a holy sage celebrated in the first book of the Rāmāyaṇa .		
wil	15722	jaganmAtf	equivalent	name_formula	f. ( -tA ) A name of DURGĀ. E. jamat , and mAtf mother.		
wil	9525	kalasIsuta	equivalent	name_formula	m. ( -taH ) A name of the saint AGASTYA: see GawodBava and agastya .		
wil	32809	lambodara	equivalent	name_formula	m. ( -raH ) .²1 A name of GAṆEŚA. .²2 A glutton. E. lamba large, and udara the belly.		
wil	24574	pAlakApya	equivalent	name_formula	m. ( -pyaH ) A name of a Muni or saint, a form of the divine physician DHANVANTARI.		
wil	32255	rADAnATa	equivalent	name_formula	m. ( -TaH ) A name of KṚṢṆA. E. rADA , and nATa lord.		
wil	42259	suBadreSa	equivalent	name_formula	m. ( -SaH ) A name of ARJUNA. E. suBadrA the sister of JAGANNĀTHA, and ISa lord.		
wil	20500	Darmmya	encyclopedic	desc_tok=22_char=147	mfn. ( -rmmyaH-rmmyA-rmmAM ) .²1 Conformable or according to justice or morality. .²2 Obtainable by virtue or justice. E. Darmma as above, yat aff.		
wil	39315	SlIpadapraBava	encyclopedic	desc_tok=24_char=178	m. ( -vaH ) The mango tree. E. SlIpada twelled->swelled 20210731 Dr. Sampada Savardekar https://github.com/sanskrit-lexicon/csl-corrections/issues/66 leg, and praBava production.		
wil	24	aMSuka	encyclopedic	desc_tok=34_char=197	n. ( -kaM ) .²1 Fine cloth, muslin. .²2 A mantle, a wrapper, a robe, a linen garment worn round the upper part of the body. .²3 Cloth in general. .²4 White cloth. .²5 A leaf. E. aMSa and kan added.		
wil	15334	cIvarin	encyclopedic	desc_tok=16_char=81	m. ( -rI ) A Bauddha or Jaina mendicant. E. cIvara a beggar's dress, and ini aff.		
wil	13983	gopa	encyclopedic	desc_tok=124_char=765	mfn. ( -paH-pA-paM ) .²1 A helper, a friend or patron. .²2 A preserver, a cherisher. .²3 Who or what hides or conceals. m. ( -paH ) .²1 Superintendent of a district. .²2 The head of a cowpen. .²3 A herdsman, a cowherd, a milkman by caste an		
wil	29991	mahASrI	encyclopedic	desc_tok=21_char=127	f. ( -SrIH ) .²1 A goddess peculiar to the Jainas . .²2 An epithet of LAKṢMĪ. E. mahA great, and SrI prosperity or the goddess.		
wil	40721	samIca	encyclopedic	desc_tok=26_char=141	m. ( -caH ) The ocean. f. ( -cI ) .²1 A deer, a doe. .²2 Praise, eulogium. E. sam before iRa to go, Uṇādi aff. caw , and the vowel made long.		
wil	33278	vakerukA	encyclopedic	desc_tok=27_char=130	f. ( -kA ) .²1 A small crane. .²2 The branch of a tree bent by the wind. E. vaka a crane, or crooked, Ira to go or be, aff. ukan .		
wil	610	aYjalikA	residual	crossref_short	f. ( -kA ) See aYjanikA .		
wil	4868	ahahA	residual	crossref_short	ind. See the preceding.		
wil	6385	irvvAlu	residual	crossref_short	m. ( -luH ) See irvvAru .		
wil	9524	kalasi	residual	crossref_short	f. ( -siH ) See kalaSi .		
wil	9376	karbara	residual	crossref_short	m. ( -raH ) See karvara .		
wil	9715	kastUrikA	residual	crossref_short	f. ( -kA ) See kastUrI .		
wil	10936	kulapAlikA	residual	crossref_short	f. ( -kA ) See kulapAli .		
wil	16922	tatva	residual	crossref_short	n. ( -tvaM ) See tattva .		
